fdc_id,title,old_path,new_path,rationale,confidence
2569976,"ONION RECIPE, SOUP & DIP MIX, ONION",Pantry > Soup > French Onion Soup > Mix,Pantry > Dips & Spreads > French Onion Dip,dip-titled-but-wrong-path heuristic,0.95
2570238,LOW SODIUM ONION SOUP & DIP MIX,Pantry > Soup > Low Sodium,Pantry > Mixes > Soup & Dip Mix,dip-titled-but-wrong-path heuristic,0.95
2658990,"SPINACH & ARTICHOKE CHEESE DIP, SPINACH & ARTICHOKE",Pantry > Canned Vegetables > Spinach,Pantry > Dips & Spreads > Spinach Dip,dip-titled-but-wrong-path heuristic,0.95
2398395,"ARTICHOKE SPINACH CHEESE DIP, ARTICHOKE SPINACH",Pantry > Canned Vegetables > Spinach,Pantry > Dips & Spreads > Spinach Dip,dip-titled-but-wrong-path heuristic,0.95
1886077,"FRESH & NATURAL CHEESE DIP, ARTICHOKE SPINACH & PARSLEY",Pantry > Canned Vegetables > Spinach > Natural,Pantry > Dips & Spreads > Spinach Dip,dip-titled-but-wrong-path heuristic,0.95
1918872,"CHEESE DIP, SPINACH & ARTICHOKE",Pantry > Canned Vegetables > Spinach,Pantry > Dips & Spreads > Spinach Dip,dip-titled-but-wrong-path heuristic,0.95
2434451,"CHEESE DIP, SPINACH & ARTICHOKE",Pantry > Canned Vegetables > Spinach,Pantry > Dips & Spreads > Spinach Dip,dip-titled-but-wrong-path heuristic,0.95
2638392,"SPINACH & PARMESAN CHEESE DIP, SPINACH & PARMESAN",Pantry > Canned Vegetables > Spinach,Pantry > Dips & Spreads > Spinach Dip,dip-titled-but-wrong-path heuristic,0.95
2400710,"SPINACH ARTICHOKE & PARMESAN DIP, SPINACH ARTICHOKE & PARMESAN",Pantry > Canned Vegetables > Spinach,Pantry > Dips & Spreads > Spinach Dip,dip-titled-but-wrong-path heuristic,0.95
2627676,"SPINACH ARTICHOKE PARMESAN DAIRY DIP, SPINACH ARTICHOKE PARMESAN",Pantry > Canned Vegetables > Spinach,Pantry > Dips & Spreads > Spinach Dip,dip-titled-but-wrong-path heuristic,0.95
2272142,"PREMIUM ARTICHOKE SPINACH 4 CHEESE DIP, ARTICHOKE SPINACH",Pantry > Canned Vegetables > Spinach,Pantry > Dips & Spreads > Spinach Dip,dip-titled-but-wrong-path heuristic,0.95
1858045,"BOURSIN, CHEESE DIP, SPINACH & ARTICHOKE, SPINACH & ARTICHOKE",Pantry > Canned Vegetables > Spinach,Pantry > Dips & Spreads > Spinach Dip,dip-titled-but-wrong-path heuristic,0.95
1922037,"SPINACH & ARTICHOKE CHEESE DIP, SPINACH & ARTICHOKE",Pantry > Canned Vegetables > Spinach,Pantry > Dips & Spreads > Spinach Dip,dip-titled-but-wrong-path heuristic,0.95
1919779,SPINACH AVOCADO DIP,Pantry > Canned Vegetables > Spinach,Pantry > Dips & Spreads > Spinach Dip,dip-titled-but-wrong-path heuristic,0.95
2465791,"SPINACH DIP WITH PRETZELS, SPINACH",Pantry > Canned Vegetables > Spinach,Pantry > Dips & Spreads > Spinach Dip,dip-titled-but-wrong-path heuristic,0.95
1436193,"SPINACH & ARTICHOKE CREAM CHEESE DIP AND PITA CHIPS, SPINACH & ARTICHOKE",Pantry > Canned Vegetables > Spinach,Pantry > Dips & Spreads > Spinach Dip,dip-titled-but-wrong-path heuristic,0.95
2119574,"DIP 'N' CHIP, FRENCH ONION",Pantry > Soup > French Onion Soup,Pantry > Dips & Spreads > French Onion Dip,dip-titled-but-wrong-path heuristic,0.95
2285343,"SOUR CREAM DIP, SPINACH",Pantry > Canned Vegetables > Spinach,Pantry > Dips & Spreads > Spinach Dip,dip-titled-but-wrong-path heuristic,0.95
2036711,"KROGER, SPECIAL RECIPE FRENCH ONION DIP WITH SOUR CREAM",Pantry > Soup > French Onion Soup,Pantry > Dips & Spreads > French Onion Dip,dip-titled-but-wrong-path heuristic,0.95
2213471,"FRENCH ONION SOUR CREAM DIP, FRENCH ONION",Pantry > Soup > French Onion Soup,Pantry > Dips & Spreads > French Onion Dip,dip-titled-but-wrong-path heuristic,0.95
2069297,"SOUR CREAM DIP, FRENCH ONION, FRENCH ONION",Pantry > Soup > French Onion Soup,Pantry > Dips & Spreads > French Onion Dip,dip-titled-but-wrong-path heuristic,0.95
2383043,"FRENCH ONION SOUR CREAM DIP, FRENCH ONION",Pantry > Soup > French Onion Soup,Pantry > Dips & Spreads > French Onion Dip,dip-titled-but-wrong-path heuristic,0.95
2424527,"FRENCH ONION SOUR CREAM DIP, FRENCH ONION",Pantry > Soup > French Onion Soup,Pantry > Dips & Spreads > French Onion Dip,dip-titled-but-wrong-path heuristic,0.95
2019216,FRENCH ONION SOUR CREAM DIP,Pantry > Soup > French Onion Soup,Pantry > Dips & Spreads > French Onion Dip,dip-titled-but-wrong-path heuristic,0.95
2019229,"SOUR CREAM DIP, FRENCH ONION, FRENCH ONION",Pantry > Soup > French Onion Soup,Pantry > Dips & Spreads > French Onion Dip,dip-titled-but-wrong-path heuristic,0.95
2415168,"FRENCH ONION SOUR CREAM DIP, FRENCH ONION",Pantry > Soup > French Onion Soup,Pantry > Dips & Spreads > French Onion Dip,dip-titled-but-wrong-path heuristic,0.95
2434968,"DIP WITH FRESH SOUR CREAM, FRENCH ONION",Pantry > Soup > French Onion Soup,Pantry > Dips & Spreads > French Onion Dip,dip-titled-but-wrong-path heuristic,0.95
1899156,"SOUR CREAM DIP, FRENCH ONION",Pantry > Soup > French Onion Soup,Pantry > Dips & Spreads > French Onion Dip,dip-titled-but-wrong-path heuristic,0.95
2367793,"FRENCH ONION DIP WITH FRESH SOUR CREAM, FRENCH ONION WITH FRESH SOUR CREAM",Pantry > Soup > French Onion Soup,Pantry > Dips & Spreads > French Onion Dip,dip-titled-but-wrong-path heuristic,0.95
2367780,"FRENCH ONION DIP WITH FRESH SOUR CREAM, FRENCH ONION",Pantry > Soup > French Onion Soup,Pantry > Dips & Spreads > French Onion Dip,dip-titled-but-wrong-path heuristic,0.95
2400496,"FRENCH ONION SOUR CREAM DIP, FRENCH ONION",Pantry > Soup > French Onion Soup,Pantry > Dips & Spreads > French Onion Dip,dip-titled-but-wrong-path heuristic,0.95
2525757,Lakeview Farms Sour Cream French Onion Dip 12oz,Pantry > Soup > French Onion Soup,Pantry > Dips & Spreads > French Onion Dip,dip-titled-but-wrong-path heuristic,0.95
2421815,"FRENCH ONION SOUR CREAM DIP & SPREAD, FRENCH ONION",Pantry > Soup > French Onion Soup > Spread,Pantry > Dips & Spreads > French Onion Dip,dip-titled-but-wrong-path heuristic,0.95
2036528,FRENCH ONION SOUR CREAM DIP,Pantry > Soup > French Onion Soup > Sour Cream,Pantry > Dips & Spreads > French Onion Dip,dip-titled-but-wrong-path heuristic,0.95
2493377,"FRENCH ONION SOUR CREAM DIP, FRENCH ONION",Pantry > Soup > French Onion Soup,Pantry > Dips & Spreads > French Onion Dip,dip-titled-but-wrong-path heuristic,0.95
2054407,"WINN-DIXIE, FRENCH ONION SOUR CREAM DIP",Pantry > Soup > French Onion Soup > Sour Cream,Pantry > Dips & Spreads > French Onion Dip,dip-titled-but-wrong-path heuristic,0.95
2280483,"FRENCH ONION SOUR CREAM DIP, FRENCH ONION",Pantry > Soup > French Onion Soup,Pantry > Dips & Spreads > French Onion Dip,dip-titled-but-wrong-path heuristic,0.95
2405586,"SOUR CREAM FRENCH ONION DIP, SOUR CREAM",Pantry > Soup > French Onion Soup,Pantry > Dips & Spreads > French Onion Dip,dip-titled-but-wrong-path heuristic,0.95
512499,FRENCH ONION SOUR CREAM DIP,Pantry > Soup > French Onion Soup > Sour Cream,Pantry > Dips & Spreads > French Onion Dip,dip-titled-but-wrong-path heuristic,0.95
1941088,"SOUR CREAM DIP, FRENCH ONION",Pantry > Soup > French Onion Soup,Pantry > Dips & Spreads > French Onion Dip,dip-titled-but-wrong-path heuristic,0.95
1479822,"BERNEA FARMS, CHIP DIP OLD FASHIONED SOUR CREAM, FRENCH ONION",Pantry > Soup > French Onion Soup,Pantry > Dips & Spreads > French Onion Dip,dip-titled-but-wrong-path heuristic,0.95
2251049,"FRENCH ONION SOUR CREAM DIP, FRENCH ONION",Pantry > Soup > French Onion Soup,Pantry > Dips & Spreads > French Onion Dip,dip-titled-but-wrong-path heuristic,0.95
1396053,"FRENCH ONION SOUR CREAM DIP, FRENCH ONION",Pantry > Soup > French Onion Soup,Pantry > Dips & Spreads > French Onion Dip,dip-titled-but-wrong-path heuristic,0.95
2434966,"LIGHT DIP WITH FRESH SOUR CREAM, FRENCH ONION",Pantry > Soup > French Onion Soup > Light,Pantry > Dips & Spreads > French Onion Dip,dip-titled-but-wrong-path heuristic,0.95
2367795,"LIGHT FRENCH ONION DIP WITH FRESH SOUR CREAM, LIGHT FRENCH ONION",Pantry > Soup > French Onion Soup > Light,Pantry > Dips & Spreads > French Onion Dip,dip-titled-but-wrong-path heuristic,0.95
2435901,"SOUR CREAM WITH HORSERADISH, FRENCH ONION DIP",Pantry > Soup > French Onion Soup,Pantry > Dips & Spreads > French Onion Dip,dip-titled-but-wrong-path heuristic,0.95
2435973,"FRENCH ONION DIP, SOUR CREAM",Pantry > Soup > French Onion Soup,Pantry > Dips & Spreads > French Onion Dip,dip-titled-but-wrong-path heuristic,0.95
2626968,"FRENCH ONION SOUR CREAM DIP, FRENCH ONION",Pantry > Soup > French Onion Soup,Pantry > Dips & Spreads > French Onion Dip,dip-titled-but-wrong-path heuristic,0.95
2481598,"FRENCH ONION REAL SOUR CREAM CHIP DIP, FRENCH ONION",Pantry > Soup > French Onion Soup,Pantry > Dips & Spreads > French Onion Dip,dip-titled-but-wrong-path heuristic,0.95
2587713,"FRENCH ONION CARAMELIZED ONION & GARLIC SOUR CREAM DIP, FRENCH ONION",Pantry > Soup > French Onion Soup > Sour Cream,Pantry > Dips & Spreads > French Onion Dip,dip-titled-but-wrong-path heuristic,0.95
1905235,"SPINACH CHOPPED SPINACH WITH REAL SOUR CREAM AND MAYO DIP, SPINACH",Pantry > Canned Vegetables > Spinach > Chopped,Pantry > Dips & Spreads > Spinach Dip,dip-titled-but-wrong-path heuristic,0.95
2423699,"FRENCH ONION CHIP'N DIP REAL SOUR CREAM, FRENCH ONION",Pantry > Soup > French Onion Soup,Pantry > Dips & Spreads > French Onion Dip,dip-titled-but-wrong-path heuristic,0.95
2119483,FRENCH ONION CHIP DIP,Pantry > Soup > French Onion Soup,Pantry > Dips & Spreads > French Onion Dip,dip-titled-but-wrong-path heuristic,0.95
2284472,"SOUR CREAM DIP, FRENCH ONION DIP",Pantry > Soup > French Onion Soup,Pantry > Dips & Spreads > French Onion Dip,dip-titled-but-wrong-path heuristic,0.95
2096147,PEPPER-JACK POBLANO SPINACH DIP,Pantry > Canned Vegetables > Spinach,Pantry > Dips & Spreads > Spinach Dip,dip-titled-but-wrong-path heuristic,0.95
2586139,"DIP, SPINACH & JALAPENO",Pantry > Canned Vegetables > Spinach,Pantry > Dips & Spreads > Spinach Dip,dip-titled-but-wrong-path heuristic,0.95
2651323,Lakeview Farms Spinach Dip 11.5oz,Pantry > Canned Vegetables > Spinach,Pantry > Dips & Spreads > Spinach Dip,dip-titled-but-wrong-path heuristic,0.95
2098328,SPINACH DIP,Pantry > Canned Vegetables > Spinach,Pantry > Dips & Spreads > Spinach Dip,dip-titled-but-wrong-path heuristic,0.95
2432881,SPINACH DIP,Pantry > Canned Vegetables > Spinach,Pantry > Dips & Spreads > Spinach Dip,dip-titled-but-wrong-path heuristic,0.95
912036,"SPINACH DIP, SPINACH",Pantry > Canned Vegetables > Spinach,Pantry > Dips & Spreads > Spinach Dip,dip-titled-but-wrong-path heuristic,0.95
2093807,SPINACH DIP,Pantry > Canned Vegetables > Spinach,Pantry > Dips & Spreads > Spinach Dip,dip-titled-but-wrong-path heuristic,0.95
2440359,"SEA GOLD, SPINACH & SEAFOOD DIP",Pantry > Canned Vegetables > Spinach,Pantry > Dips & Spreads > Spinach Dip,dip-titled-but-wrong-path heuristic,0.95
2561116,"DIPPITY DOO DAH FRENCH ONION DIP, ONION",Pantry > Soup > French Onion Soup > Vegan,Pantry > Dips & Spreads > French Onion Dip,dip-titled-but-wrong-path heuristic,0.95
2548367,"FRENCH ONION DIP, LITE",Pantry > Soup > French Onion Soup > Light,Pantry > Dips & Spreads > French Onion Dip,dip-titled-but-wrong-path heuristic,0.95
2594775,FRENCH ONION DIP,Pantry > Soup > French Onion Soup,Pantry > Dips & Spreads > French Onion Dip,dip-titled-but-wrong-path heuristic,0.95
388701,FRENCH ONION DIP,Pantry > Soup > French Onion Soup,Pantry > Dips & Spreads > French Onion Dip,dip-titled-but-wrong-path heuristic,0.95
2594711,FRENCH ONION DIP,Pantry > Soup > French Onion Soup,Pantry > Dips & Spreads > French Onion Dip,dip-titled-but-wrong-path heuristic,0.95
2595289,"FRENCH ONION DIP, FRENCH ONION",Pantry > Soup > French Onion Soup,Pantry > Dips & Spreads > French Onion Dip,dip-titled-but-wrong-path heuristic,0.95
2631596,"FRENCH ONION GREEK YOGURT DIP, ONION",Pantry > Soup > French Onion Soup,Pantry > Dips & Spreads > French Onion Dip,dip-titled-but-wrong-path heuristic,0.95
2596303,"FRENCH ONION DIP, FRENCH ONION",Pantry > Soup > French Onion Soup,Pantry > Dips & Spreads > French Onion Dip,dip-titled-but-wrong-path heuristic,0.95
2651641,"FRENCH ONION DIP, FRENCH ONION",Pantry > Soup > French Onion Soup,Pantry > Dips & Spreads > French Onion Dip,dip-titled-but-wrong-path heuristic,0.95
1864117,"FRENCH ONION DIP, FRENCH ONION",Pantry > Soup > French Onion Soup,Pantry > Dips & Spreads > French Onion Dip,dip-titled-but-wrong-path heuristic,0.95
2396852,"FRENCH ONION PLANT BASED DIP, FRENCH ONION",Pantry > Soup > French Onion Soup > Plant Based,Pantry > Dips & Spreads > French Onion Dip,dip-titled-but-wrong-path heuristic,0.95
2651483,FRENCH ONION  FLAVORED DIP,Pantry > Soup > French Onion Soup,Pantry > Dips & Spreads > French Onion Dip,dip-titled-but-wrong-path heuristic,0.95
2053807,"P$$T..., FRENCH ONION DIP",Pantry > Soup > French Onion Soup,Pantry > Dips & Spreads > French Onion Dip,dip-titled-but-wrong-path heuristic,0.95
2598214,"CREAMY FRENCH ONION DIP, FRENCH ONION",Pantry > Soup > French Onion Soup,Pantry > Dips & Spreads > French Onion Dip,dip-titled-but-wrong-path heuristic,0.95
2435974,"FRENCH ONION DIP, FRENCH ONION",Pantry > Soup > French Onion Soup,Pantry > Dips & Spreads > French Onion Dip,dip-titled-but-wrong-path heuristic,0.95
1864386,"DIP, FRENCH ONION",Pantry > Soup > French Onion Soup,Pantry > Dips & Spreads > French Onion Dip,dip-titled-but-wrong-path heuristic,0.95
1565685,FRENCH ONION DIP,Pantry > Soup > French Onion Soup,Pantry > Dips & Spreads > French Onion Dip,dip-titled-but-wrong-path heuristic,0.95
1496399,"WESTERN FAMILY, FRENCH ONION DIP",Pantry > Soup > French Onion Soup,Pantry > Dips & Spreads > French Onion Dip,dip-titled-but-wrong-path heuristic,0.95
1943848,"ROUNDY'S, DIP, FRENCH ONION, FRENCH ONION",Pantry > Soup > French Onion Soup,Pantry > Dips & Spreads > French Onion Dip,dip-titled-but-wrong-path heuristic,0.95
1943847,"DIP, FRENCH ONION",Pantry > Soup > French Onion Soup,Pantry > Dips & Spreads > French Onion Dip,dip-titled-but-wrong-path heuristic,0.95
589301,"FRENCH ONION DIP, FRENCH ONION",Pantry > Soup > French Onion Soup,Pantry > Dips & Spreads > French Onion Dip,dip-titled-but-wrong-path heuristic,0.95
1537915,FRENCH ONION DIP,Pantry > Soup > French Onion Soup,Pantry > Dips & Spreads > French Onion Dip,dip-titled-but-wrong-path heuristic,0.95
1864368,"DIP FRESH ONION, FRENCH ONION",Pantry > Soup > French Onion Soup,Pantry > Dips & Spreads > French Onion Dip,dip-titled-but-wrong-path heuristic,0.95
1930237,"CHIP DIP, FRENCH ONION",Pantry > Soup > French Onion Soup,Pantry > Dips & Spreads > French Onion Dip,dip-titled-but-wrong-path heuristic,0.95
2675985,"FRENCH ONION DIP, FRENCH ONION",Pantry > Soup > French Onion Soup,Pantry > Dips & Spreads > French Onion Dip,dip-titled-but-wrong-path heuristic,0.95
1566013,"FRENCH ONION DIP, FRENCH ONION",Pantry > Soup > French Onion Soup,Pantry > Dips & Spreads > French Onion Dip,dip-titled-but-wrong-path heuristic,0.95
2054217,"GUERNSEY FARMS DAIRY, FRENCH ONION DIP",Pantry > Soup > French Onion Soup,Pantry > Dips & Spreads > French Onion Dip,dip-titled-but-wrong-path heuristic,0.95
977641,"FRENCH ONION DIP, FRENCH ONION",Pantry > Soup > French Onion Soup,Pantry > Dips & Spreads > French Onion Dip,dip-titled-but-wrong-path heuristic,0.95
2132955,FRENCH ONION DIP,Pantry > Soup > French Onion Soup,Pantry > Dips & Spreads > French Onion Dip,dip-titled-but-wrong-path heuristic,0.95
2010849,"DEAN'S, FRENCH ONION DIP",Pantry > Soup > French Onion Soup,Pantry > Dips & Spreads > French Onion Dip,dip-titled-but-wrong-path heuristic,0.95
2013468,"FRENCH ONION DIP, FRENCH ONION",Pantry > Soup > French Onion Soup,Pantry > Dips & Spreads > French Onion Dip,dip-titled-but-wrong-path heuristic,0.95
1865794,"DEAN'S, DIP, NO FAT, FRENCH ONION, FRENCH ONION",Pantry > Soup > French Onion Soup > Fat Free,Pantry > Dips & Spreads > French Onion Dip,dip-titled-but-wrong-path heuristic,0.95
1625933,"DIP, FRENCH ONION",Pantry > Soup > French Onion Soup,Pantry > Dips & Spreads > French Onion Dip,dip-titled-but-wrong-path heuristic,0.95
1958783,FRENCH ONION DIP,Pantry > Soup > French Onion Soup,Pantry > Dips & Spreads > French Onion Dip,dip-titled-but-wrong-path heuristic,0.95
2425279,"FRENCH ONION DIP, FRENCH ONION",Pantry > Soup > French Onion Soup,Pantry > Dips & Spreads > French Onion Dip,dip-titled-but-wrong-path heuristic,0.95
2425278,"FRENCH ONION DIP, FRENCH ONION",Pantry > Soup > French Onion Soup,Pantry > Dips & Spreads > French Onion Dip,dip-titled-but-wrong-path heuristic,0.95
994399,"FRENCH ONION DIP, FRENCH ONION",Pantry > Soup > French Onion Soup,Pantry > Dips & Spreads > French Onion Dip,dip-titled-but-wrong-path heuristic,0.95
2399650,"FRENCH ONION DIP, FRENCH ONION",Pantry > Soup > French Onion Soup,Pantry > Dips & Spreads > French Onion Dip,dip-titled-but-wrong-path heuristic,0.95
2029755,"FRENCH ONION, DIP",Pantry > Soup > French Onion Soup,Pantry > Dips & Spreads > French Onion Dip,dip-titled-but-wrong-path heuristic,0.95
2496668,"FRENCH ONION DIP, FRENCH ONION",Pantry > Soup > French Onion Soup,Pantry > Dips & Spreads > French Onion Dip,dip-titled-but-wrong-path heuristic,0.95
2117785,FRENCH ONION DIP,Pantry > Soup > French Onion Soup,Pantry > Dips & Spreads > French Onion Dip,dip-titled-but-wrong-path heuristic,0.95
1435415,"FRENCH ONION DIP, FRENCH ONION",Pantry > Soup > French Onion Soup,Pantry > Dips & Spreads > French Onion Dip,dip-titled-but-wrong-path heuristic,0.95
1919896,"DIP, FRENCH ONION",Pantry > Soup > French Onion Soup,Pantry > Dips & Spreads > French Onion Dip,dip-titled-but-wrong-path heuristic,0.95
666234,"FRENCH ONION DIP, FRENCH ONION",Pantry > Soup > French Onion Soup,Pantry > Dips & Spreads > French Onion Dip,dip-titled-but-wrong-path heuristic,0.95
2010850,"DREAN'S, FRENCH ONION DIP",Pantry > Soup > French Onion Soup,Pantry > Dips & Spreads > French Onion Dip,dip-titled-but-wrong-path heuristic,0.95
2054793,"FOOD LION, FRENCH ONION DIP",Pantry > Soup > French Onion Soup,Pantry > Dips & Spreads > French Onion Dip,dip-titled-but-wrong-path heuristic,0.95
1864860,"DELICIOSO, FRENCH ONION DIP",Pantry > Soup > French Onion Soup,Pantry > Dips & Spreads > French Onion Dip,dip-titled-but-wrong-path heuristic,0.95
2071670,FRENCH ONION PARTY DIP,Pantry > Soup > French Onion Soup,Pantry > Dips & Spreads > French Onion Dip,dip-titled-but-wrong-path heuristic,0.95
2080304,FRENCH ONION DIP,Pantry > Soup > French Onion Soup,Pantry > Dips & Spreads > French Onion Dip,dip-titled-but-wrong-path heuristic,0.95
2422871,"FRENCH ONION DIP, FRENCH ONION",Pantry > Soup > French Onion Soup,Pantry > Dips & Spreads > French Onion Dip,dip-titled-but-wrong-path heuristic,0.95
2431942,FRENCH ONION DIP,Pantry > Soup > French Onion Soup,Pantry > Dips & Spreads > French Onion Dip,dip-titled-but-wrong-path heuristic,0.95
2430079,CREAMY FRENCH ONION DIP,Pantry > Soup > French Onion Soup,Pantry > Dips & Spreads > French Onion Dip,dip-titled-but-wrong-path heuristic,0.95
2008877,"FRENCH ONION YOGURT DIP, FRENCH ONION",Pantry > Soup > French Onion Soup,Pantry > Dips & Spreads > French Onion Dip,dip-titled-but-wrong-path heuristic,0.95
1469683,"FRENCH ONION DIP, FRENCH ONION",Pantry > Soup > French Onion Soup,Pantry > Dips & Spreads > French Onion Dip,dip-titled-but-wrong-path heuristic,0.95
1418747,"FRENCH ONION DIP, FRENCH ONION",Pantry > Soup > French Onion Soup,Pantry > Dips & Spreads > French Onion Dip,dip-titled-but-wrong-path heuristic,0.95
2246390,"FRENCH ONION DIP, FRENCH ONION",Pantry > Soup > French Onion Soup,Pantry > Dips & Spreads > French Onion Dip,dip-titled-but-wrong-path heuristic,0.95
2019213,"SHOPRITE, FRENCH ONION DIP",Pantry > Soup > French Onion Soup,Pantry > Dips & Spreads > French Onion Dip,dip-titled-but-wrong-path heuristic,0.95
2269349,"FRENCH ONION DIP, FRENCH ONION",Pantry > Soup > French Onion Soup,Pantry > Dips & Spreads > French Onion Dip,dip-titled-but-wrong-path heuristic,0.95
2304289,"FRENCH ONION FLAVORED DIP, FRENCH ONION",Pantry > Soup > French Onion Soup,Pantry > Dips & Spreads > French Onion Dip,dip-titled-but-wrong-path heuristic,0.95
2055028,"FRENCH ONION GREEK YOGURT DIP, FRENCH ONION",Pantry > Soup > French Onion Soup,Pantry > Dips & Spreads > French Onion Dip,dip-titled-but-wrong-path heuristic,0.95
2419905,"FRENCH ONION DIP, FRENCH ONION",Pantry > Soup > French Onion Soup,Pantry > Dips & Spreads > French Onion Dip,dip-titled-but-wrong-path heuristic,0.95
2385987,"FRENCH ONION DIP, FRENCH ONION",Pantry > Soup > French Onion Soup,Pantry > Dips & Spreads > French Onion Dip,dip-titled-but-wrong-path heuristic,0.95
1476701,"FRENCH ONION FLAVORED DIP, FRENCH ONION",Pantry > Soup > French Onion Soup,Pantry > Dips & Spreads > French Onion Dip,dip-titled-but-wrong-path heuristic,0.95
2427375,"FRENCH ONION DIP, FRENCH ONION",Pantry > Soup > French Onion Soup,Pantry > Dips & Spreads > French Onion Dip,dip-titled-but-wrong-path heuristic,0.95
2096702,FRENCH ONION DIP,Pantry > Soup > French Onion Soup,Pantry > Dips & Spreads > French Onion Dip,dip-titled-but-wrong-path heuristic,0.95
2430532,FRENCH ONION DIP,Pantry > Soup > French Onion Soup,Pantry > Dips & Spreads > French Onion Dip,dip-titled-but-wrong-path heuristic,0.95
2021508,FRENCH ONION DIP,Pantry > Soup > French Onion Soup,Pantry > Dips & Spreads > French Onion Dip,dip-titled-but-wrong-path heuristic,0.95
2549324,"MARZETTI, FRENCH ONION VEGGIE DIP",Pantry > Soup > French Onion Soup,Pantry > Dips & Spreads > French Onion Dip,dip-titled-but-wrong-path heuristic,0.95
2611933,"FRENCH ONION DIP, FRENCH ONION",Pantry > Soup > French Onion Soup,Pantry > Dips & Spreads > French Onion Dip,dip-titled-but-wrong-path heuristic,0.95
2386189,"FRENCH ONION DIP, FRENCH ONION",Pantry > Soup > French Onion Soup,Pantry > Dips & Spreads > French Onion Dip,dip-titled-but-wrong-path heuristic,0.95
2427365,"FRENCH ONION DIP, FRENCH ONION",Pantry > Soup > French Onion Soup,Pantry > Dips & Spreads > French Onion Dip,dip-titled-but-wrong-path heuristic,0.95
2366390,"FRENCH ONION GREEK YOGURT DIP, FRENCH ONION",Pantry > Soup > French Onion Soup,Pantry > Dips & Spreads > French Onion Dip,dip-titled-but-wrong-path heuristic,0.95
2156058,"LIGHT FRENCH ONION VEGGIE DIP, LIGHT FRENCH ONION",Pantry > Soup > French Onion Soup > Light,Pantry > Dips & Spreads > French Onion Dip,dip-titled-but-wrong-path heuristic,0.95
2249899,"FRENCH ONION DIP, FRENCH ONION",Pantry > Soup > French Onion Soup,Pantry > Dips & Spreads > French Onion Dip,dip-titled-but-wrong-path heuristic,0.95
1885292,"CREAMLAND, DIP, FRENCH ONION, FRENCH ONION",Pantry > Soup > French Onion Soup,Pantry > Dips & Spreads > French Onion Dip,dip-titled-but-wrong-path heuristic,0.95
2032589,FRENCH ONION DIP,Pantry > Soup > French Onion Soup,Pantry > Dips & Spreads > French Onion Dip,dip-titled-but-wrong-path heuristic,0.95
2247122,"FRENCH ONION DIP, FRENCH ONION",Pantry > Soup > French Onion Soup,Pantry > Dips & Spreads > French Onion Dip,dip-titled-but-wrong-path heuristic,0.95
2214973,"FRENCH ONION VEGGIE DIP, FRENCH ONION",Pantry > Soup > French Onion Soup,Pantry > Dips & Spreads > French Onion Dip,dip-titled-but-wrong-path heuristic,0.95
2381922,"FRENCH ONION DIP, FRENCH ONION",Pantry > Soup > French Onion Soup,Pantry > Dips & Spreads > French Onion Dip,dip-titled-but-wrong-path heuristic,0.95
2253052,"FRENCH ONION DIP, FRENCH ONION",Pantry > Soup > French Onion Soup,Pantry > Dips & Spreads > French Onion Dip,dip-titled-but-wrong-path heuristic,0.95
2119597,FRENCH ONION DIP,Pantry > Soup > French Onion Soup,Pantry > Dips & Spreads > French Onion Dip,dip-titled-but-wrong-path heuristic,0.95
2157286,"DIP, FRENCH ONION",Pantry > Soup > French Onion Soup,Pantry > Dips & Spreads > French Onion Dip,dip-titled-but-wrong-path heuristic,0.95
2119596,FRENCH ONION DIP,Pantry > Soup > French Onion Soup,Pantry > Dips & Spreads > French Onion Dip,dip-titled-but-wrong-path heuristic,0.95
2254958,"FRENCH ONION DIP, FRENCH ONION",Pantry > Soup > French Onion Soup,Pantry > Dips & Spreads > French Onion Dip,dip-titled-but-wrong-path heuristic,0.95
2286335,FRENCH ONION DIP,Pantry > Soup > French Onion Soup,Pantry > Dips & Spreads > French Onion Dip,dip-titled-but-wrong-path heuristic,0.95
2411029,"FRENCH ONION DIP, FRENCH ONION",Pantry > Soup > French Onion Soup,Pantry > Dips & Spreads > French Onion Dip,dip-titled-but-wrong-path heuristic,0.95
2304854,"FRENCH ONION THICK & CREAMY DIP, FRENCH ONION",Pantry > Soup > French Onion Soup > Thick,Pantry > Dips & Spreads > French Onion Dip,dip-titled-but-wrong-path heuristic,0.95
2503397,"FRENCH ONION DIP, FRENCH ONION",Pantry > Soup > French Onion Soup,Pantry > Dips & Spreads > French Onion Dip,dip-titled-but-wrong-path heuristic,0.95
372531,"HARRIS TEETER, DIP, FRENCH ONION",Pantry > Soup > French Onion Soup,Pantry > Dips & Spreads > French Onion Dip,dip-titled-but-wrong-path heuristic,0.95
2035081,"FRENCH ONION DIP, FRENCH ONION",Pantry > Soup > French Onion Soup > Fat Free,Pantry > Dips & Spreads > French Onion Dip,dip-titled-but-wrong-path heuristic,0.95
2018639,"COUNTRY FRESH, FRENCH ONION DIP",Pantry > Soup > French Onion Soup,Pantry > Dips & Spreads > French Onion Dip,dip-titled-but-wrong-path heuristic,0.95
2405247,"FRENCH ONION DIP, FRENCH ONION",Pantry > Soup > French Onion Soup,Pantry > Dips & Spreads > French Onion Dip,dip-titled-but-wrong-path heuristic,0.95
2447953,"FRENCH ONION DIP, FRENCH ONION",Pantry > Soup > French Onion Soup,Pantry > Dips & Spreads > French Onion Dip,dip-titled-but-wrong-path heuristic,0.95
2119624,FRENCH ONION DIP,Pantry > Soup > French Onion Soup,Pantry > Dips & Spreads > French Onion Dip,dip-titled-but-wrong-path heuristic,0.95
2426309,"FRENCH ONION DIP, FRENCH ONION",Pantry > Soup > French Onion Soup,Pantry > Dips & Spreads > French Onion Dip,dip-titled-but-wrong-path heuristic,0.95
2404556,"FRENCH ONION DIP, FRENCH ONION",Pantry > Soup > French Onion Soup,Pantry > Dips & Spreads > French Onion Dip,dip-titled-but-wrong-path heuristic,0.95
1477081,"HARRIS TEETER, FRENCH ONION DIP",Pantry > Soup > French Onion Soup,Pantry > Dips & Spreads > French Onion Dip,dip-titled-but-wrong-path heuristic,0.95
2134911,"FRENCH ONION DIP, FRENCH ONION",Pantry > Soup > French Onion Soup,Pantry > Dips & Spreads > French Onion Dip,dip-titled-but-wrong-path heuristic,0.95
2037150,"PRAIRIE FARMS, FRENCH ONION DIP",Pantry > Soup > French Onion Soup,Pantry > Dips & Spreads > French Onion Dip,dip-titled-but-wrong-path heuristic,0.95
2382138,"FRENCH ONION DIP, FRENCH ONION",Pantry > Soup > French Onion Soup,Pantry > Dips & Spreads > French Onion Dip,dip-titled-but-wrong-path heuristic,0.95
2503883,"FRENCH ONION DIP, FRENCH ONION",Pantry > Soup > French Onion Soup,Pantry > Dips & Spreads > French Onion Dip,dip-titled-but-wrong-path heuristic,0.95
2623396,"RIGGINS, GRADE A FRENCH ONION DIP",Pantry > Soup > French Onion Soup,Pantry > Dips & Spreads > French Onion Dip,dip-titled-but-wrong-path heuristic,0.95
2014396,"HERR'S, FRENCH ONION DIP",Pantry > Soup > French Onion Soup,Pantry > Dips & Spreads > French Onion Dip,dip-titled-but-wrong-path heuristic,0.95
2503884,"FRENCH ONION DIP, FRENCH ONION",Pantry > Soup > French Onion Soup,Pantry > Dips & Spreads > French Onion Dip,dip-titled-but-wrong-path heuristic,0.95
1870032,"GREEK STYLE YOGURT DIP, FRENCH ONION",Pantry > Soup > French Onion Soup,Pantry > Dips & Spreads > French Onion Dip,dip-titled-but-wrong-path heuristic,0.95
2503888,"FRENCH ONION DIP, FRENCH ONION",Pantry > Soup > French Onion Soup,Pantry > Dips & Spreads > French Onion Dip,dip-titled-but-wrong-path heuristic,0.95
2032055,FRENCH ONION DIP,Pantry > Soup > French Onion Soup,Pantry > Dips & Spreads > French Onion Dip,dip-titled-but-wrong-path heuristic,0.95
2157968,"FRENCH ONION DIP, FRENCH ONION",Pantry > Soup > French Onion Soup,Pantry > Dips & Spreads > French Onion Dip,dip-titled-but-wrong-path heuristic,0.95
2432947,FRENCH ONION DIP,Pantry > Soup > French Onion Soup,Pantry > Dips & Spreads > French Onion Dip,dip-titled-but-wrong-path heuristic,0.95
2295026,"FRENCH ONION DIP MIX, FRENCH ONION",Pantry > Soup > French Onion Soup,Pantry > Dips & Spreads > French Onion Dip,dip-titled-but-wrong-path heuristic,0.95
1948645,"FRENCH ONION DIP & SPREAD, FRENCH ONION",Pantry > Soup > French Onion Soup,Pantry > Dips & Spreads > French Onion Dip,dip-titled-but-wrong-path heuristic,0.95
2549887,"FRENCH ONION DIP, FRENCH ONION",Pantry > Soup > French Onion Soup,Pantry > Dips & Spreads > French Onion Dip,dip-titled-but-wrong-path heuristic,0.95
2095552,FRENCH ONION DIP,Pantry > Soup > French Onion Soup,Pantry > Dips & Spreads > French Onion Dip,dip-titled-but-wrong-path heuristic,0.95
2105584,"CLASSIC FRENCH ONION DIP, CLASSIC FRENCH ONION",Pantry > Soup > French Onion Soup,Pantry > Dips & Spreads > French Onion Dip,dip-titled-but-wrong-path heuristic,0.95
2095546,FRENCH ONION DIP,Pantry > Soup > French Onion Soup,Pantry > Dips & Spreads > French Onion Dip,dip-titled-but-wrong-path heuristic,0.95
2072203,FRENCH ONION GREEK YOGURT DIP,Pantry > Soup > French Onion Soup,Pantry > Dips & Spreads > French Onion Dip,dip-titled-but-wrong-path heuristic,0.95
2625227,"FRENCH ONION GRUYERE DIP, FRENCH ONION GRUYERE",Pantry > Soup > French Onion Soup,Pantry > Dips & Spreads > French Onion Dip,dip-titled-but-wrong-path heuristic,0.95
2382531,"FRENCH ONION DIP, FRENCH ONION",Pantry > Soup > French Onion Soup > Organic,Pantry > Dips & Spreads > French Onion Dip,dip-titled-but-wrong-path heuristic,0.95
2659238,"FRENCH ONION DIP, FRENCH ONION",Pantry > Soup > French Onion Soup,Pantry > Dips & Spreads > French Onion Dip,dip-titled-but-wrong-path heuristic,0.95
2435986,FRENCH ONION DIP,Pantry > Soup > French Onion Soup,Pantry > Dips & Spreads > French Onion Dip,dip-titled-but-wrong-path heuristic,0.95
2607375,"FRENCH ONION DIP, FRENCH ONION",Pantry > Soup > French Onion Soup > Plant Based,Pantry > Dips & Spreads > French Onion Dip,dip-titled-but-wrong-path heuristic,0.95
2286323,FRENCH ONION DIP,Pantry > Soup > French Onion Soup,Pantry > Dips & Spreads > French Onion Dip,dip-titled-but-wrong-path heuristic,0.95
2606227,"FRENCH ONION NON-DAIRY DIP & SPREAD, FRENCH ONION",Pantry > Soup > French Onion Soup > Dairy Free > Vegan,Pantry > Dips & Spreads > French Onion Dip,dip-titled-but-wrong-path heuristic,0.95
2553268,"FRENCH ONION GREEN YOGURT DIP, FRENCH ONION",Pantry > Soup > French Onion Soup,Pantry > Dips & Spreads > French Onion Dip,dip-titled-but-wrong-path heuristic,0.95
2455084,FRENCH ONION DIP,Pantry > Soup > French Onion Soup,Pantry > Dips & Spreads > French Onion Dip,dip-titled-but-wrong-path heuristic,0.95
2389878,"FRENCH ONION DIP, FRENCH ONION",Pantry > Soup > French Onion Soup,Pantry > Dips & Spreads > French Onion Dip,dip-titled-but-wrong-path heuristic,0.95
2430624,"FRENCH ONION DIP, TRADITIONAL",Pantry > Soup > French Onion Soup,Pantry > Dips & Spreads > French Onion Dip,dip-titled-but-wrong-path heuristic,0.95
2435792,FRENCH ONION DIP,Pantry > Soup > French Onion Soup,Pantry > Dips & Spreads > French Onion Dip,dip-titled-but-wrong-path heuristic,0.95
1032387,"FRENCH ONION ORGANIC DIP, FRENCH ONION",Pantry > Soup > French Onion Soup > Organic,Pantry > Dips & Spreads > French Onion Dip,dip-titled-but-wrong-path heuristic,0.95
2506575,"FRENCH ONION DIP, FRENCH ONION",Pantry > Soup > French Onion Soup,Pantry > Dips & Spreads > French Onion Dip,dip-titled-but-wrong-path heuristic,0.95
2481599,"FRENCH ONION CHIP DIP, FRENCH ONION",Pantry > Soup > French Onion Soup,Pantry > Dips & Spreads > French Onion Dip,dip-titled-but-wrong-path heuristic,0.95
1914069,"FRENCH ONION DIP, FRENCH ONION",Pantry > Soup > French Onion Soup,Pantry > Dips & Spreads > French Onion Dip,dip-titled-but-wrong-path heuristic,0.95
2016696,"GREENBRIER INTERNATIONAL, FRENCH ONION DIP",Pantry > Soup > French Onion Soup,Pantry > Dips & Spreads > French Onion Dip,dip-titled-but-wrong-path heuristic,0.95
2286320,FRENCH ONION DIP,Pantry > Soup > French Onion Soup,Pantry > Dips & Spreads > French Onion Dip,dip-titled-but-wrong-path heuristic,0.95
357073,FRENCH ONION DIP,Pantry > Soup > French Onion Soup,Pantry > Dips & Spreads > French Onion Dip,dip-titled-but-wrong-path heuristic,0.95
2627447,"FRENCH ONION DIP, FRENCH ONION",Pantry > Soup > French Onion Soup,Pantry > Dips & Spreads > French Onion Dip,dip-titled-but-wrong-path heuristic,0.95
1899565,FRENCH ONION DIP,Pantry > Soup > French Onion Soup > Low Fat,Pantry > Dips & Spreads > French Onion Dip,dip-titled-but-wrong-path heuristic,0.95
2427080,ORGANIC FRENCH ONION DIP,Pantry > Soup > French Onion Soup > Organic,Pantry > Dips & Spreads > French Onion Dip,dip-titled-but-wrong-path heuristic,0.95
2471020,"FRENCH ONION DIP, FRENCH ONION",Pantry > Soup > French Onion Soup,Pantry > Dips & Spreads > French Onion Dip,dip-titled-but-wrong-path heuristic,0.95
1912666,"GREEK YOGURT DIP, FRENCH ONION",Pantry > Soup > French Onion Soup,Pantry > Dips & Spreads > French Onion Dip,dip-titled-but-wrong-path heuristic,0.95
1493964,FRENCH ONION DIP WITH BACON,Pantry > Soup > French Onion Soup,Pantry > Dips & Spreads > French Onion Dip,dip-titled-but-wrong-path heuristic,0.95
2466499,"FRENCH ONION PLANT-BASED DIP, FRENCH ONION",Pantry > Soup > French Onion Soup > Plant Based,Pantry > Dips & Spreads > French Onion Dip,dip-titled-but-wrong-path heuristic,0.95
2016549,"MARIE'S, ROASTED FRENCH ONION DIP",Pantry > Soup > French Onion Soup,Pantry > Dips & Spreads > French Onion Dip,dip-titled-but-wrong-path heuristic,0.95
2511606,"FRENCH ONION ORGANIC DIP, FRENCH ONION",Pantry > Soup > French Onion Soup > Organic,Pantry > Dips & Spreads > French Onion Dip,dip-titled-but-wrong-path heuristic,0.95
2321341,"FRENCH ONION WITH BACON DIP, FRENCH ONION WITH BACON",Pantry > Soup > French Onion Soup,Pantry > Dips & Spreads > French Onion Dip,dip-titled-but-wrong-path heuristic,0.95
2670284,"FRENCH ONION PLANT-BASED DIP, FRENCH ONION",Pantry > Soup > French Onion Soup > Plant Based,Pantry > Dips & Spreads > French Onion Dip,dip-titled-but-wrong-path heuristic,0.95
2276983,"FRENCH ONION DIP, FRENCH ONION",Pantry > Soup > French Onion Soup > Plant Based,Pantry > Dips & Spreads > French Onion Dip,dip-titled-but-wrong-path heuristic,0.95
1917860,"FRENCH ONION DIP, FRENCH ONION",Pantry > Soup > French Onion Soup,Pantry > Dips & Spreads > French Onion Dip,dip-titled-but-wrong-path heuristic,0.95
2548366,FRENCH ONION WITH BACON DIP,Pantry > Soup > French Onion Soup,Pantry > Dips & Spreads > French Onion Dip,dip-titled-but-wrong-path heuristic,0.95
2156105,"CREAMY FRENCH ONION DAIRY FREE DIP, CREAMY FRENCH ONION",Pantry > Soup > French Onion Soup > Dairy Free,Pantry > Dips & Spreads > French Onion Dip,dip-titled-but-wrong-path heuristic,0.95
2265192,"FRENCH ONION WITH BACON DIP, FRENCH ONION WITH BACON",Pantry > Soup > French Onion Soup,Pantry > Dips & Spreads > French Onion Dip,dip-titled-but-wrong-path heuristic,0.95
2665379,"FRENCH ONION CASHEW & ALMOND DIP, FRENCH ONION",Pantry > Soup > French Onion Soup,Pantry > Dips & Spreads > French Onion Dip,dip-titled-but-wrong-path heuristic,0.95
1365905,"FRENCH ONION WITH BACON FLAVOR DIP, FRENCH ONION WITH BACON",Pantry > Soup > French Onion Soup,Pantry > Dips & Spreads > French Onion Dip,dip-titled-but-wrong-path heuristic,0.95
2596842,"SPINACH ARTICHOKE DIP, SPINACH; ARTICHOKE",Pantry > Canned Vegetables > Spinach,Pantry > Dips & Spreads > Spinach Dip,dip-titled-but-wrong-path heuristic,0.95
1884408,"WINN-DIXIE, CREAMY DIP, SPINACH ARTICHOKE, SPINACH ARTICHOKE",Pantry > Canned Vegetables > Spinach,Pantry > Dips & Spreads > Spinach Dip,dip-titled-but-wrong-path heuristic,0.95
2596850,"SPINACH ARTICHOKE DIP, SPINACH; ARTICHOKE",Pantry > Canned Vegetables > Spinach,Pantry > Dips & Spreads > Spinach Dip,dip-titled-but-wrong-path heuristic,0.95
2071596,SPINACH ARTICHOKE DIP,Pantry > Canned Vegetables > Spinach,Pantry > Dips & Spreads > Spinach Dip,dip-titled-but-wrong-path heuristic,0.95
2393156,"ARTICHOKE SPINACH DIP & SPREAD, ARTICHOKE SPINACH",Pantry > Canned Vegetables > Spinach,Pantry > Dips & Spreads > Spinach Dip,dip-titled-but-wrong-path heuristic,0.95
2631802,FRESH SPINACH ARTICHOKE DIP,Pantry > Canned Vegetables > Spinach > Fresh,Pantry > Dips & Spreads > Spinach Dip,dip-titled-but-wrong-path heuristic,0.95
2280482,"SPINACH ARTICHOKE DIP, SPINACH ARTICHOKE",Pantry > Canned Vegetables > Spinach,Pantry > Dips & Spreads > Spinach Dip,dip-titled-but-wrong-path heuristic,0.95
2431941,SPINACH & ARTICHOKE DIP,Pantry > Canned Vegetables > Spinach,Pantry > Dips & Spreads > Spinach Dip,dip-titled-but-wrong-path heuristic,0.95
2566449,"CRAB, SPINACH ARTICHOKE DIP, CRAB; SPINACH; ARTICHOKE",Pantry > Canned Vegetables > Spinach,Pantry > Dips & Spreads > Spinach Dip,dip-titled-but-wrong-path heuristic,0.95
2431936,SPINACH & ARTICHOKE DIP,Pantry > Canned Vegetables > Spinach,Pantry > Dips & Spreads > Spinach Dip,dip-titled-but-wrong-path heuristic,0.95
1858247,"HORMEL, SNACKERS, SPINACH & ARTICHOKE DIP",Pantry > Canned Vegetables > Spinach,Pantry > Dips & Spreads > Spinach Dip,dip-titled-but-wrong-path heuristic,0.95
2632637,"SPINACH & ARTICHOKE DIP, SPINACH & ARTICHOKE",Pantry > Canned Vegetables > Spinach,Pantry > Dips & Spreads > Spinach Dip,dip-titled-but-wrong-path heuristic,0.95
1503391,"PRIVATE SELECTION, SPINACH, ARTICHOKE & PARMESAN GOURMET DIP",Pantry > Canned Vegetables > Spinach,Pantry > Dips & Spreads > Spinach Dip,dip-titled-but-wrong-path heuristic,0.95
2620573,"SPINACH & ARTICHOKE DIP, SPINACH & ARTICHOKE",Pantry > Canned Vegetables > Spinach,Pantry > Dips & Spreads > Spinach Dip,dip-titled-but-wrong-path heuristic,0.95
2417913,"SPINACH ARTICHOKE CRAB DIP, SPINACH ARTICHOKE",Pantry > Canned Vegetables > Spinach,Pantry > Dips & Spreads > Spinach Dip,dip-titled-but-wrong-path heuristic,0.95
2434215,ARTICHOKE SPINACH DIP,Pantry > Canned Vegetables > Spinach,Pantry > Dips & Spreads > Spinach Dip,dip-titled-but-wrong-path heuristic,0.95
1937405,"HORMEL, GATHERINGS, DIP, BACON, SPINACH, ARTICHOKE, BACON, SPINACH, ARTICHOKE",Pantry > Canned Vegetables > Spinach,Pantry > Dips & Spreads > Spinach Dip,dip-titled-but-wrong-path heuristic,0.95
2426392,"KRAB SPINACH & ARTICHOKE DIP, KRAB SPINACH & ARTICHOKE",Pantry > Canned Vegetables > Spinach,Pantry > Dips & Spreads > Spinach Dip,dip-titled-but-wrong-path heuristic,0.95
2403091,"SPINACH ARTICHOKE DIP, SPINACH ARTICHOKE",Pantry > Canned Vegetables > Spinach,Pantry > Dips & Spreads > Spinach Dip,dip-titled-but-wrong-path heuristic,0.95
2552741,"SPINACH ARTICHOKE DIP, SPINACH ARTICHOKE",Pantry > Canned Vegetables > Spinach,Pantry > Dips & Spreads > Spinach Dip,dip-titled-but-wrong-path heuristic,0.95
2085680,"CRAB, SPINACH ARTICHOKE DIP",Pantry > Canned Vegetables > Spinach,Pantry > Dips & Spreads > Spinach Dip,dip-titled-but-wrong-path heuristic,0.95
2071954,SPINACH ARTICHOKE DIP,Pantry > Canned Vegetables > Spinach,Pantry > Dips & Spreads > Spinach Dip,dip-titled-but-wrong-path heuristic,0.95
359500,SPINACH & ARTICHOKE DIP,Pantry > Canned Vegetables > Spinach,Pantry > Dips & Spreads > Spinach Dip,dip-titled-but-wrong-path heuristic,0.95
2410451,SPINACH ARTICHOKE PARMESAN DIP,Pantry > Canned Vegetables > Spinach,Pantry > Dips & Spreads > Spinach Dip,dip-titled-but-wrong-path heuristic,0.95
1906659,"SPINACH ARTICHOKE DIP, SPINACH AND ARTICHOKES IN A CREAMY SAUCE",Pantry > Canned Vegetables > Spinach,Pantry > Dips & Spreads > Spinach Dip,dip-titled-but-wrong-path heuristic,0.95
2678622,"SPINACH & ARTICHOKE SHRIMP DIP, SPINACH & ARTICHOKE",Pantry > Canned Vegetables > Spinach,Pantry > Dips & Spreads > Spinach Dip,dip-titled-but-wrong-path heuristic,0.95
1899133,SPINACH & ARTICHOKE DIP,Pantry > Canned Vegetables > Spinach,Pantry > Dips & Spreads > Spinach Dip,dip-titled-but-wrong-path heuristic,0.95
2603348,"SPINACH ARTICHOKE DIP, SPINACH ARTICHOKE",Pantry > Canned Vegetables > Spinach,Pantry > Dips & Spreads > Spinach Dip,dip-titled-but-wrong-path heuristic,0.95
2504914,"SPINACH ARTICHOKE DIP, SPINACH ARTICHOKE",Pantry > Canned Vegetables > Spinach,Pantry > Dips & Spreads > Spinach Dip,dip-titled-but-wrong-path heuristic,0.95
2086251,SPINACH ARTICHOKE DIP,Pantry > Canned Vegetables > Spinach,Pantry > Dips & Spreads > Spinach Dip,dip-titled-but-wrong-path heuristic,0.95
2659541,"SPINACH ARTICHOKE FETA DIP, SPINACH ARTICHOKE FETA",Pantry > Canned Vegetables > Spinach,Pantry > Dips & Spreads > Spinach Dip,dip-titled-but-wrong-path heuristic,0.95
2395488,"SPINACH ARTICHOKE & PARMESAN PREMIUM DIP, SPINACH ARTICHOKE & PARMESAN",Pantry > Canned Vegetables > Spinach,Pantry > Dips & Spreads > Spinach Dip,dip-titled-but-wrong-path heuristic,0.95
2110492,ARTICHOKE & SPINACH & CHEESE DIP,Pantry > Canned Vegetables > Spinach,Pantry > Dips & Spreads > Spinach Dip,dip-titled-but-wrong-path heuristic,0.95
2094445,SPINACH ARTICHOKE DIP,Pantry > Canned Vegetables > Spinach,Pantry > Dips & Spreads > Spinach Dip,dip-titled-but-wrong-path heuristic,0.95
2605963,"SPINACH ARTICHOKE DIP, SPINACH ARTICHOKE",Pantry > Canned Vegetables > Spinach,Pantry > Dips & Spreads > Spinach Dip,dip-titled-but-wrong-path heuristic,0.95
2407622,"SPINACH ARTICHOKE DIP, SPINACH",Pantry > Canned Vegetables > Spinach,Pantry > Dips & Spreads > Spinach Dip,dip-titled-but-wrong-path heuristic,0.95
2592126,"SPINACH & ARTICHOKE DIP, SPINACH; ARTICHOKE",Pantry > Canned Vegetables > Spinach,Pantry > Dips & Spreads > Spinach Dip,dip-titled-but-wrong-path heuristic,0.95
2636289,"ARTICHOKE SPINACH DIP, ARTICHOKE SPINACH",Pantry > Canned Vegetables > Spinach,Pantry > Dips & Spreads > Spinach Dip,dip-titled-but-wrong-path heuristic,0.95
453955,SPINACH ARTICHOKE DIP,Pantry > Canned Vegetables > Spinach,Pantry > Dips & Spreads > Spinach Dip,dip-titled-but-wrong-path heuristic,0.95
1914078,"SPINACH ARTICHOKE DIP, SPINACH ARTICHOKE",Pantry > Canned Vegetables > Spinach,Pantry > Dips & Spreads > Spinach Dip,dip-titled-but-wrong-path heuristic,0.95
2052563,"WHOLE FOODS MARKET, ARTICHOKE SPINACH DIP",Pantry > Canned Vegetables > Spinach > Whole,Pantry > Dips & Spreads > Spinach Dip,dip-titled-but-wrong-path heuristic,0.95
2052562,"WHOLE FOODS MARKET, ARTICHOKE SPINACH DIP",Pantry > Canned Vegetables > Spinach > Whole,Pantry > Dips & Spreads > Spinach Dip,dip-titled-but-wrong-path heuristic,0.95
2301482,"SPINACH & ARTICHOKE DIP, SPINACH & ARTICHOKE",Pantry > Canned Vegetables > Spinach,Pantry > Dips & Spreads > Spinach Dip,dip-titled-but-wrong-path heuristic,0.95
2017408,"MARKETSIDE, SPINACH ARTICHOKE DIP",Pantry > Canned Vegetables > Spinach,Pantry > Dips & Spreads > Spinach Dip,dip-titled-but-wrong-path heuristic,0.95
2098163,SPINACH ARTICHOKE DIP,Pantry > Canned Vegetables > Spinach,Pantry > Dips & Spreads > Spinach Dip,dip-titled-but-wrong-path heuristic,0.95
2627968,"CLASSY DELITES, SPINACH ARTICHOKE DIP",Pantry > Canned Vegetables > Spinach,Pantry > Dips & Spreads > Spinach Dip,dip-titled-but-wrong-path heuristic,0.95
2433917,"DIP & SPREAD, SPINACH ARTICHOKE & PARMESAN",Pantry > Canned Vegetables > Spinach,Pantry > Dips & Spreads > Spinach Dip,dip-titled-but-wrong-path heuristic,0.95
2421722,"SPINACH ARTICHOKE DIP, SPINACH ARTICHOKE",Pantry > Canned Vegetables > Spinach,Pantry > Dips & Spreads > Spinach Dip,dip-titled-but-wrong-path heuristic,0.95
2423663,"SPINACH ARTICHOKE DIP, SPINACH ARTICHOKE",Pantry > Canned Vegetables > Spinach,Pantry > Dips & Spreads > Spinach Dip,dip-titled-but-wrong-path heuristic,0.95
2605827,"SPINACH ARTICHOKE DIP, SPINACH ARTICHOKE",Pantry > Canned Vegetables > Spinach,Pantry > Dips & Spreads > Spinach Dip,dip-titled-but-wrong-path heuristic,0.95
2303545,"ARTICHOKE SPINACH PLANT-BASED DIP, ARTICHOKE SPINACH",Pantry > Canned Vegetables > Spinach > Plant Based,Pantry > Dips & Spreads > Spinach Dip,dip-titled-but-wrong-path heuristic,0.95
1883216,"CIOLO FOODS, SPINACH ARTICHOKE DIP",Pantry > Canned Vegetables > Spinach,Pantry > Dips & Spreads > Spinach Dip,dip-titled-but-wrong-path heuristic,0.95
2061505,"WHOLE FOODS MARKET, SPINACH ARTICHOKE DIP",Pantry > Canned Vegetables > Spinach > Whole,Pantry > Dips & Spreads > Spinach Dip,dip-titled-but-wrong-path heuristic,0.95
2640749,"SPINACH & ARTICHOKE DIP, SPINACH & ARTICHOKE",Pantry > Canned Vegetables > Spinach,Pantry > Dips & Spreads > Spinach Dip,dip-titled-but-wrong-path heuristic,0.95
2430843,SPINACH ARTICHOKE DIP,Pantry > Canned Vegetables > Spinach,Pantry > Dips & Spreads > Spinach Dip,dip-titled-but-wrong-path heuristic,0.95
1883267,"LET THY FOOD, SPINACH ARTICHOKE DIP",Pantry > Canned Vegetables > Spinach,Pantry > Dips & Spreads > Spinach Dip,dip-titled-but-wrong-path heuristic,0.95
2383865,"SPINACH A RICH & CREAMY DIP MADE WITH CREAM CHEESE, SPINACH, ARTICHOKE AND A BLE",Pantry > Canned Vegetables > Spinach,Pantry > Dips & Spreads > Spinach Dip,dip-titled-but-wrong-path heuristic,0.95
2427469,"SPINACH, CRAB & ARTICHOKE DIP",Pantry > Canned Vegetables > Spinach,Pantry > Dips & Spreads > Spinach Dip,dip-titled-but-wrong-path heuristic,0.95
2587490,"SPINACH ARTICHOKE PARTY DIP, SPINACH ARTICHOKE",Pantry > Canned Vegetables > Spinach,Pantry > Dips & Spreads > Spinach Dip,dip-titled-but-wrong-path heuristic,0.95
2061480,"WHOLE FOODS MARKET, CREAMY SPINACH ARTICHOKE DIP",Pantry > Canned Vegetables > Spinach > Whole,Pantry > Dips & Spreads > Spinach Dip,dip-titled-but-wrong-path heuristic,0.95
2299756,"SPINACH KRAB ARTICHOKE DIP, SPINACH KRAB",Pantry > Canned Vegetables > Spinach,Pantry > Dips & Spreads > Spinach Dip,dip-titled-but-wrong-path heuristic,0.95
2052980,"ARAMOUNI'S, CREAMY ARTICHOKE & SPINACH DIP",Pantry > Canned Vegetables > Spinach,Pantry > Dips & Spreads > Spinach Dip,dip-titled-but-wrong-path heuristic,0.95
2193648,"SPINACH ARTICHOKE DIP, SPINACH ARTICHOKE",Pantry > Canned Vegetables > Spinach > Organic,Pantry > Dips & Spreads > Spinach Dip,dip-titled-but-wrong-path heuristic,0.95
2072798,PARMESAN SPINACH & ARTICHOKE DIP,Pantry > Canned Vegetables > Spinach,Pantry > Dips & Spreads > Spinach Dip,dip-titled-but-wrong-path heuristic,0.95
2375335,"BANGIN' SPINACH ARTICHOKE SIDE DIP PLANT-BASED SNACK, BANGIN' SPINACH ARTICHOKE",Pantry > Canned Vegetables > Spinach > Plant Based,Pantry > Dips & Spreads > Spinach Dip,dip-titled-but-wrong-path heuristic,0.95
2412244,"SPINACH & ARTICHOKE CRAB DIP, SPINACH & ARTICHOKE",Pantry > Canned Vegetables > Spinach,Pantry > Dips & Spreads > Spinach Dip,dip-titled-but-wrong-path heuristic,0.95
2642958,"SPINACH ARTICHOKE AVOCADO CREAM CHEESE DIP, SPINACH ARTICHOKE",Pantry > Canned Vegetables > Spinach,Pantry > Dips & Spreads > Spinach Dip,dip-titled-but-wrong-path heuristic,0.95
1890597,"CIOLO FOODS, SPINACH ARTICHOKE DIP",Pantry > Canned Vegetables > Spinach,Pantry > Dips & Spreads > Spinach Dip,dip-titled-but-wrong-path heuristic,0.95
2510061,"SPINACH ARTICHOKE CASHEW DIP, SPINACH ARTICHOKE",Pantry > Canned Vegetables > Spinach > Plant Based,Pantry > Dips & Spreads > Spinach Dip,dip-titled-but-wrong-path heuristic,0.95
2483165,"SPINACH ARTICHOKE DIP, SPINACH ARTICHOKE",Pantry > Canned Vegetables > Spinach,Pantry > Dips & Spreads > Spinach Dip,dip-titled-but-wrong-path heuristic,0.95
1910147,"SPINACH PARMESAN DIP & SPREAD, SPINACH PARMESAN",Pantry > Canned Vegetables > Spinach,Pantry > Dips & Spreads > Spinach Dip,dip-titled-but-wrong-path heuristic,0.95
2373978,"SPINACH ARTICHOKE DIP, SPINACH ARTICHOKE",Pantry > Canned Vegetables > Spinach,Pantry > Dips & Spreads > Spinach Dip,dip-titled-but-wrong-path heuristic,0.95
2091526,SPINACH ARTICHOKE QUESO DIP,Pantry > Canned Vegetables > Spinach,Pantry > Dips & Spreads > Spinach Dip,dip-titled-but-wrong-path heuristic,0.95
2596848,"SPINACH DIP, SPINACH",Pantry > Canned Vegetables > Spinach,Pantry > Dips & Spreads > Spinach Dip,dip-titled-but-wrong-path heuristic,0.95
2061504,"WHOLE FOODS MARKET, SPINACH ARTICHOKE DIP",Pantry > Canned Vegetables > Spinach > Whole,Pantry > Dips & Spreads > Spinach Dip,dip-titled-but-wrong-path heuristic,0.95
2510059,"SPINACH ARTICHOKE PARMESAN DIP, SPINACH ARTICHOKE PARMESAN",Pantry > Canned Vegetables > Spinach,Pantry > Dips & Spreads > Spinach Dip,dip-titled-but-wrong-path heuristic,0.95
2570929,"SPINACH PARMESAN DIP & SPREAD, SPINACH; PARMESAN",Pantry > Canned Vegetables > Spinach,Pantry > Dips & Spreads > Spinach Dip,dip-titled-but-wrong-path heuristic,0.95
2704323,"STOUFFER'S Spinach Artichoke Dip, Case of 4 - 64 oz pouches",Pantry > Canned Vegetables > Spinach,Pantry > Dips & Spreads > Spinach Dip,dip-titled-but-wrong-path heuristic,0.95
1457394,Tostitos Creamy Spinach Dip 15 Ounce Glass Jar,Pantry > Canned Vegetables > Spinach,Pantry > Dips & Spreads > Spinach Dip,dip-titled-but-wrong-path heuristic,0.95
1633676,"TOSTITOS, CREAMY SPINACH DIP",Pantry > Canned Vegetables > Spinach,Pantry > Dips & Spreads > Spinach Dip,dip-titled-but-wrong-path heuristic,0.95
2569319,"CREAMY SPINACH DIP, SPINACH",Pantry > Canned Vegetables > Spinach,Pantry > Dips & Spreads > Spinach Dip,dip-titled-but-wrong-path heuristic,0.95
2430533,CREAMY SPINACH DIP,Pantry > Canned Vegetables > Spinach,Pantry > Dips & Spreads > Spinach Dip,dip-titled-but-wrong-path heuristic,0.95
1630255,"DIP, CHEESY SPINACH",Pantry > Canned Vegetables > Spinach,Pantry > Dips & Spreads > Spinach Dip,dip-titled-but-wrong-path heuristic,0.95
2054562,"FRESH CREATIONS, SPINACH KALE DIP",Pantry > Canned Vegetables > Spinach,Pantry > Dips & Spreads > Spinach Dip,dip-titled-but-wrong-path heuristic,0.95
2651691,SPINACH PARMESAN GREEK YOGURT DIP,Pantry > Canned Vegetables > Spinach,Pantry > Dips & Spreads > Spinach Dip,dip-titled-but-wrong-path heuristic,0.95
2395486,"CREAMY SPINACH PREMIUM DIP, CREAMY SPINACH",Pantry > Canned Vegetables > Spinach,Pantry > Dips & Spreads > Spinach Dip,dip-titled-but-wrong-path heuristic,0.95
2215350,CREAMY SPINACH DIP,Pantry > Canned Vegetables > Spinach,Pantry > Dips & Spreads > Spinach Dip,dip-titled-but-wrong-path heuristic,0.95
2425496,"CREAMY SPINACH DIP, CREAMY",Pantry > Canned Vegetables > Spinach,Pantry > Dips & Spreads > Spinach Dip,dip-titled-but-wrong-path heuristic,0.95
2612730,"SPINACH DIP, SPINACH",Pantry > Canned Vegetables > Spinach,Pantry > Dips & Spreads > Spinach Dip,dip-titled-but-wrong-path heuristic,0.95
2423657,"SPINACH DIP, SPINACH",Pantry > Canned Vegetables > Spinach,Pantry > Dips & Spreads > Spinach Dip,dip-titled-but-wrong-path heuristic,0.95
1857039,"SPINACH & PARMESAN DIP & SPREAD, SPINACH & PARMESAN",Pantry > Canned Vegetables > Spinach,Pantry > Dips & Spreads > Spinach Dip,dip-titled-but-wrong-path heuristic,0.95
2025190,CREAMY SPINACH DIP,Pantry > Canned Vegetables > Spinach,Pantry > Dips & Spreads > Spinach Dip,dip-titled-but-wrong-path heuristic,0.95
2297642,"SPINACH PARMESAN GREEK YOGURT DIP, SPINACH PARMESAN",Pantry > Canned Vegetables > Spinach,Pantry > Dips & Spreads > Spinach Dip,dip-titled-but-wrong-path heuristic,0.95
2032759,"DREAMLAND FOODS, SPINACH WITH CHIPOTLE DIP",Pantry > Canned Vegetables > Spinach,Pantry > Dips & Spreads > Spinach Dip,dip-titled-but-wrong-path heuristic,0.95
2440548,"GREEK YOGURT DIP, SPINACH PARMESAN",Pantry > Canned Vegetables > Spinach,Pantry > Dips & Spreads > Spinach Dip,dip-titled-but-wrong-path heuristic,0.95
2567436,"SPINACH! VEGGIE DIP, SPINACH",Pantry > Canned Vegetables > Spinach,Pantry > Dips & Spreads > Spinach Dip,dip-titled-but-wrong-path heuristic,0.95
2036349,"SPINACH VEGGIE DIP, SPINACH",Pantry > Canned Vegetables > Spinach,Pantry > Dips & Spreads > Spinach Dip,dip-titled-but-wrong-path heuristic,0.95
2177273,"SPINACH VEGGIE DIP, SPINACH",Pantry > Canned Vegetables > Spinach,Pantry > Dips & Spreads > Spinach Dip,dip-titled-but-wrong-path heuristic,0.95
1376531,"SPINACH, PARMESAN, & BACON DIP, SPINACH, PARMESAN & BACON",Pantry > Canned Vegetables > Spinach,Pantry > Dips & Spreads > Spinach Dip,dip-titled-but-wrong-path heuristic,0.95
2069897,"DOCTOR HUMMUS, SPINACH DIP WITH ONION",Pantry > Canned Vegetables > Spinach,Pantry > Dips & Spreads > Spinach Dip,dip-titled-but-wrong-path heuristic,0.95
2275569,"SPINACH FETA DIP, SPINACH FETA",Pantry > Canned Vegetables > Spinach,Pantry > Dips & Spreads > Spinach Dip,dip-titled-but-wrong-path heuristic,0.95
2032587,ALL NATURAL FRENCH ONION DIP,Pantry > Soup > French Onion Soup > Natural,Pantry > Dips & Spreads > French Onion Dip,dip-titled-but-wrong-path heuristic,0.95
2279691,"SPINACHOKE DIP, SPINACHOKE",Pantry > Canned Vegetables > Spinach,Pantry > Dips & Spreads > Spinach Dip,dip-titled-but-wrong-path heuristic,0.95
1783025,GARDEN SPINACH DIP,Pantry > Canned Vegetables > Spinach,Pantry > Dips & Spreads > Spinach Dip,dip-titled-but-wrong-path heuristic,0.95
1934733,GARDEN FRESH SPINACH DIP,Pantry > Canned Vegetables > Spinach,Pantry > Dips & Spreads > Spinach Dip,dip-titled-but-wrong-path heuristic,0.95
2090926,"GARDEN FRESH GOURMET, PREMIUM SPINACH DIP",Pantry > Canned Vegetables > Spinach,Pantry > Dips & Spreads > Spinach Dip,dip-titled-but-wrong-path heuristic,0.95
2632300,"LOWFAT GREEK YOGURT DIP, SPINACH & KALE",Pantry > Canned Vegetables > Spinach > Lowfat,Pantry > Dips & Spreads > Spinach Dip,dip-titled-but-wrong-path heuristic,0.95
2061512,"WHOLE FOODS MARKET, GREEK SAMPLER MEDITERRANEAN FETA DIP, SPINACH ARTICHOKE RED ",Pantry > Canned Vegetables > Spinach > Whole,Pantry > Dips & Spreads > Spinach Dip,dip-titled-but-wrong-path heuristic,0.95
2024827,"HIDDEN VALLEY, CREAMY SPINACH PARMESAN WARM DIP & APPETIZER MIX",Pantry > Canned Vegetables > Spinach,Pantry > Dips & Spreads > Spinach Dip,dip-titled-but-wrong-path heuristic,0.95
2329898,"SPINACH ARTICHOKE, NEUFCHATEL CHEESE, PARMESAN CHEESE, AND MOZZARELLA CHEESE BLE",Pantry > Canned Vegetables > Spinach,Pantry > Dips & Spreads > Spinach Dip,dip-titled-but-wrong-path heuristic,0.95
2467094,"DELI RECIPES SPINACH ARTICHOKE DIP TENDER SPINACH & ARTICHOKES, SOUR CREAM, REAL",Pantry > Canned Vegetables > Spinach,Pantry > Dips & Spreads > Spinach Dip,dip-titled-but-wrong-path heuristic,0.95
2196036,"SPINACH DIP, SPINACH",Pantry > Canned Vegetables > Spinach,Pantry > Dips & Spreads > Spinach Dip,dip-titled-but-wrong-path heuristic,0.95
2580694,"RESTAURANTE STYLE SPINACH DIP, RESTAURANTE STYLE SPINACH",Pantry > Canned Vegetables > Spinach,Pantry > Dips & Spreads > Spinach Dip,dip-titled-but-wrong-path heuristic,0.95
2421113,"GARDEN SPINACH PLANT BASED CAULIFLOWER DIP, GARDEN SPINACH",Pantry > Canned Vegetables > Spinach > Plant Based,Pantry > Dips & Spreads > Spinach Dip,dip-titled-but-wrong-path heuristic,0.95
2621216,"GARDEN SPINACH DIP, GARDEN SPINACH",Pantry > Canned Vegetables > Spinach,Pantry > Dips & Spreads > Spinach Dip,dip-titled-but-wrong-path heuristic,0.95
2651328,Down Home Spinach Dip 11.5oz,Pantry > Canned Vegetables > Spinach,Pantry > Dips & Spreads > Spinach Dip,dip-titled-but-wrong-path heuristic,0.95
2675600,SPINACH DIP,Pantry > Canned Vegetables > Spinach,Pantry > Dips & Spreads > Spinach Dip,dip-titled-but-wrong-path heuristic,0.95
2615545,SPINACH DIP,Pantry > Canned Vegetables > Spinach,Pantry > Dips & Spreads > Spinach Dip,dip-titled-but-wrong-path heuristic,0.95
1472082,"FOOD CLUB, SPINACH DIP",Pantry > Canned Vegetables > Spinach,Pantry > Dips & Spreads > Spinach Dip,dip-titled-but-wrong-path heuristic,0.95
2054339,"THE SNACK ARTIST, SPINACH DIP",Pantry > Canned Vegetables > Spinach,Pantry > Dips & Spreads > Spinach Dip,dip-titled-but-wrong-path heuristic,0.95
2054810,SPINACH DIP,Pantry > Canned Vegetables > Spinach,Pantry > Dips & Spreads > Spinach Dip,dip-titled-but-wrong-path heuristic,0.95
2016119,"SPINACH DIP, SPINACH",Pantry > Canned Vegetables > Spinach,Pantry > Dips & Spreads > Spinach Dip,dip-titled-but-wrong-path heuristic,0.95
2394017,"SPINACH THE ORIGINAL DIP, SPINACH",Pantry > Canned Vegetables > Spinach,Pantry > Dips & Spreads > Spinach Dip,dip-titled-but-wrong-path heuristic,0.95
1095573,SPINACH DIP,Pantry > Canned Vegetables > Spinach,Pantry > Dips & Spreads > Spinach Dip,dip-titled-but-wrong-path heuristic,0.95
1922597,SPINACH DIP,Pantry > Canned Vegetables > Spinach,Pantry > Dips & Spreads > Spinach Dip,dip-titled-but-wrong-path heuristic,0.95
2089113,CHEAMY SPINACH DIP,Pantry > Canned Vegetables > Spinach,Pantry > Dips & Spreads > Spinach Dip,dip-titled-but-wrong-path heuristic,0.95
2419822,"ORGANIC SPINACH DIP, SPINACH",Pantry > Canned Vegetables > Spinach > Organic,Pantry > Dips & Spreads > Spinach Dip,dip-titled-but-wrong-path heuristic,0.95
2293646,"SPINACH DIP, SPINACH",Pantry > Canned Vegetables > Spinach,Pantry > Dips & Spreads > Spinach Dip,dip-titled-but-wrong-path heuristic,0.95
1863433,"TRADER JOE'S, GREEK YOGURT DIP, SPINACH & KALE, SPINACH & KALE",Pantry > Canned Vegetables > Spinach,Pantry > Dips & Spreads > Spinach Dip,dip-titled-but-wrong-path heuristic,0.95
2639701,"SPINACH DIP, SPINACH",Pantry > Canned Vegetables > Spinach,Pantry > Dips & Spreads > Spinach Dip,dip-titled-but-wrong-path heuristic,0.95
2160372,"SPINACH DIP, SPINACH",Pantry > Canned Vegetables > Spinach,Pantry > Dips & Spreads > Spinach Dip,dip-titled-but-wrong-path heuristic,0.95
2447931,"SPINACH DIP, SPINACH",Pantry > Canned Vegetables > Spinach,Pantry > Dips & Spreads > Spinach Dip,dip-titled-but-wrong-path heuristic,0.95
372517,"HARRIS TEETER, DIP, SPINACH",Pantry > Canned Vegetables > Spinach,Pantry > Dips & Spreads > Spinach Dip,dip-titled-but-wrong-path heuristic,0.95
2452824,"SPINACH DIP, SPINACH",Pantry > Canned Vegetables > Spinach,Pantry > Dips & Spreads > Spinach Dip,dip-titled-but-wrong-path heuristic,0.95
2013811,SPINACH DIP MADE WITH GREEK YOGURT,Pantry > Canned Vegetables > Spinach,Pantry > Dips & Spreads > Spinach Dip,dip-titled-but-wrong-path heuristic,0.95
1950738,SPINACH VEGETABLE DIP,Pantry > Canned Vegetables > Spinach,Pantry > Dips & Spreads > Spinach Dip,dip-titled-but-wrong-path heuristic,0.95
2052869,"CHEF EARL'S, SPINACH DIP",Pantry > Canned Vegetables > Spinach,Pantry > Dips & Spreads > Spinach Dip,dip-titled-but-wrong-path heuristic,0.95
2136027,SPINACH DIP,Pantry > Canned Vegetables > Spinach,Pantry > Dips & Spreads > Spinach Dip,dip-titled-but-wrong-path heuristic,0.95
2031335,SPINACH DIP,Pantry > Canned Vegetables > Spinach,Pantry > Dips & Spreads > Spinach Dip,dip-titled-but-wrong-path heuristic,0.95
2605828,"SPINACH DIP, SPINACH",Pantry > Canned Vegetables > Spinach,Pantry > Dips & Spreads > Spinach Dip,dip-titled-but-wrong-path heuristic,0.95
2052569,"WHOLE FOODS MARKET, SPINACH KALE DIP",Pantry > Canned Vegetables > Spinach > Whole,Pantry > Dips & Spreads > Spinach Dip,dip-titled-but-wrong-path heuristic,0.95
2368873,"SPINACH JALAPENO ARMENIAN YOGURT DIP, SPINACH JALAPENO",Pantry > Canned Vegetables > Spinach,Pantry > Dips & Spreads > Spinach Dip,dip-titled-but-wrong-path heuristic,0.95
1858673,"AHOLD, SPINACH DIP",Pantry > Canned Vegetables > Spinach,Pantry > Dips & Spreads > Spinach Dip,dip-titled-but-wrong-path heuristic,0.95
2596836,"SPINACH DIP, SPINACH",Pantry > Canned Vegetables > Spinach,Pantry > Dips & Spreads > Spinach Dip,dip-titled-but-wrong-path heuristic,0.95
2596672,SPINACH GREEK YOGURT DIP,Pantry > Canned Vegetables > Spinach,Pantry > Dips & Spreads > Spinach Dip,dip-titled-but-wrong-path heuristic,0.95
2301515,"SPINACH DIP, SPINACH",Pantry > Canned Vegetables > Spinach,Pantry > Dips & Spreads > Spinach Dip,dip-titled-but-wrong-path heuristic,0.95
2031334,"SIGNATURE CAFE, SPINACH DIP",Pantry > Canned Vegetables > Spinach,Pantry > Dips & Spreads > Spinach Dip,dip-titled-but-wrong-path heuristic,0.95
2393592,"CLASSIC SPINACH DIP, CLASSIC",Pantry > Canned Vegetables > Spinach,Pantry > Dips & Spreads > Spinach Dip,dip-titled-but-wrong-path heuristic,0.95
2415405,"SPINACH DIP, SPINACH",Pantry > Canned Vegetables > Spinach,Pantry > Dips & Spreads > Spinach Dip,dip-titled-but-wrong-path heuristic,0.95
2434294,SPINACH DIP,Pantry > Canned Vegetables > Spinach,Pantry > Dips & Spreads > Spinach Dip,dip-titled-but-wrong-path heuristic,0.95
2391192,"SPINACH DIP, SPINACH",Pantry > Canned Vegetables > Spinach,Pantry > Dips & Spreads > Spinach Dip,dip-titled-but-wrong-path heuristic,0.95
2449359,"SPINACH GREEK YOGURT DIP, SPINACH",Pantry > Canned Vegetables > Spinach,Pantry > Dips & Spreads > Spinach Dip,dip-titled-but-wrong-path heuristic,0.95
1540295,"NOB HILL TRADING CO, SPINACH DIP",Pantry > Canned Vegetables > Spinach,Pantry > Dips & Spreads > Spinach Dip,dip-titled-but-wrong-path heuristic,0.95
2055840,"DIP, SPINACH",Pantry > Canned Vegetables > Spinach,Pantry > Dips & Spreads > Spinach Dip,dip-titled-but-wrong-path heuristic,0.95
2216376,"SPINACH DIP, SPINACH",Pantry > Canned Vegetables > Spinach,Pantry > Dips & Spreads > Spinach Dip,dip-titled-but-wrong-path heuristic,0.95
2658942,"SPINACH DIP, SPINACH",Pantry > Canned Vegetables > Spinach,Pantry > Dips & Spreads > Spinach Dip,dip-titled-but-wrong-path heuristic,0.95
2607377,"SPINACH DIP, SPINACH",Pantry > Canned Vegetables > Spinach > Vegan,Pantry > Dips & Spreads > Spinach Dip,dip-titled-but-wrong-path heuristic,0.95
2659087,"SPINACH DIP, SPINACH",Pantry > Canned Vegetables > Spinach,Pantry > Dips & Spreads > Spinach Dip,dip-titled-but-wrong-path heuristic,0.95
2090972,"SPINACH DIP, SPINACH",Pantry > Canned Vegetables > Spinach,Pantry > Dips & Spreads > Spinach Dip,dip-titled-but-wrong-path heuristic,0.95
1914084,SPINACH DIP,Pantry > Canned Vegetables > Spinach,Pantry > Dips & Spreads > Spinach Dip,dip-titled-but-wrong-path heuristic,0.95
2089236,SPINACH DIP WITH PRETZELS,Pantry > Canned Vegetables > Spinach,Pantry > Dips & Spreads > Spinach Dip,dip-titled-but-wrong-path heuristic,0.95
1912653,"SPINACH & KALE DIP, GREEK YOGURT",Pantry > Canned Vegetables > Spinach,Pantry > Dips & Spreads > Spinach Dip,dip-titled-but-wrong-path heuristic,0.95
2182007,"SPINACH DIP, SPINACH",Pantry > Canned Vegetables > Spinach > Vegan,Pantry > Dips & Spreads > Spinach Dip,dip-titled-but-wrong-path heuristic,0.95
2427829,KALE SPINACH & GREEK YOGURT DIP,Pantry > Canned Vegetables > Spinach > Probiotic,Pantry > Dips & Spreads > Spinach Dip,dip-titled-but-wrong-path heuristic,0.95
2433114,FRESH SPINACH DIP,Pantry > Canned Vegetables > Spinach > Fresh,Pantry > Dips & Spreads > Spinach Dip,dip-titled-but-wrong-path heuristic,0.95
2121382,"CULINARY CIRCLE, SPINACH DIP",Pantry > Canned Vegetables > Spinach,Pantry > Dips & Spreads > Spinach Dip,dip-titled-but-wrong-path heuristic,0.95
2055304,"WEIS QUALITY, CLASSIC SPINACH DIP",Pantry > Canned Vegetables > Spinach,Pantry > Dips & Spreads > Spinach Dip,dip-titled-but-wrong-path heuristic,0.95
2641782,"SPINACH DIP, SPINACH",Pantry > Canned Vegetables > Spinach,Pantry > Dips & Spreads > Spinach Dip,dip-titled-but-wrong-path heuristic,0.95
2054681,"REAL FOODS, SPINACH DIP",Pantry > Canned Vegetables > Spinach,Pantry > Dips & Spreads > Spinach Dip,dip-titled-but-wrong-path heuristic,0.95
2095806,SAVORY SPINACH DIP,Pantry > Canned Vegetables > Spinach,Pantry > Dips & Spreads > Spinach Dip,dip-titled-but-wrong-path heuristic,0.95
2390690,SPINACH DIP,Pantry > Canned Vegetables > Spinach,Pantry > Dips & Spreads > Spinach Dip,dip-titled-but-wrong-path heuristic,0.95
2121569,SPINACH DIP,Pantry > Canned Vegetables > Spinach,Pantry > Dips & Spreads > Spinach Dip,dip-titled-but-wrong-path heuristic,0.95
2309266,"SPINACH DIP, SPINACH",Pantry > Canned Vegetables > Spinach,Pantry > Dips & Spreads > Spinach Dip,dip-titled-but-wrong-path heuristic,0.95
2326865,"SPINACH DIP, SPINACH",Pantry > Canned Vegetables > Spinach,Pantry > Dips & Spreads > Spinach Dip,dip-titled-but-wrong-path heuristic,0.95
2098118,"""""JULIE'S"""" SPINACH DIP",Pantry > Canned Vegetables > Spinach,Pantry > Dips & Spreads > Spinach Dip,dip-titled-but-wrong-path heuristic,0.95
1864838,"DELICIOSO, SPINACH DIP",Pantry > Canned Vegetables > Spinach,Pantry > Dips & Spreads > Spinach Dip,dip-titled-but-wrong-path heuristic,0.95
2667580,"SPINACH DIP, SPINACH",Pantry > Canned Vegetables > Spinach,Pantry > Dips & Spreads > Spinach Dip,dip-titled-but-wrong-path heuristic,0.95
2410452,JULIE'S SPINACH DIP,Pantry > Canned Vegetables > Spinach,Pantry > Dips & Spreads > Spinach Dip,dip-titled-but-wrong-path heuristic,0.95
2109943,SPINACH DIP,Pantry > Canned Vegetables > Spinach,Pantry > Dips & Spreads > Spinach Dip,dip-titled-but-wrong-path heuristic,0.95
2623898,SPINACH DIP & SPREAD,Pantry > Canned Vegetables > Spinach,Pantry > Dips & Spreads > Spinach Dip,dip-titled-but-wrong-path heuristic,0.95
2094786,SPINACH DIP,Pantry > Canned Vegetables > Spinach,Pantry > Dips & Spreads > Spinach Dip,dip-titled-but-wrong-path heuristic,0.95
2148433,"SPINACH DIP & SPREAD, SPINACH",Pantry > Canned Vegetables > Spinach,Pantry > Dips & Spreads > Spinach Dip,dip-titled-but-wrong-path heuristic,0.95
2671346,"HOMESTYLE SPINACH FARM STAND DIP, HOMESTYLE SPINACH",Pantry > Canned Vegetables > Spinach,Pantry > Dips & Spreads > Spinach Dip,dip-titled-but-wrong-path heuristic,0.95
2425765,"VEGETABLE DIP & SOUP MIX, VEGETABLE",Pantry > Soup,Pantry > Dips & Spreads > Dip,dip-titled-but-wrong-path heuristic,0.95
2436451,VEGETABLE SOUP & DIP MIX,Pantry > Soup > Vegetable Soup,Pantry > Mixes > Soup & Dip Mix,dip-titled-but-wrong-path heuristic,0.95
2499267,"RANCH RECIPE SOUP & DIP MIX, RANCH",Pantry > Soup > Dip Mix,Pantry > Mixes > Soup & Dip Mix,dip-titled-but-wrong-path heuristic,0.95
403905,SPINACH DIP SEASONING MIX,Pantry > Canned Vegetables > Spinach > Mix,Pantry > Dips & Spreads > Spinach Dip,dip-titled-but-wrong-path heuristic,0.95
2021383,"SPINACH DIP SEASONING MIX, SPINACH DIP",Pantry > Canned Vegetables > Spinach,Pantry > Dips & Spreads > Spinach Dip,dip-titled-but-wrong-path heuristic,0.95
2277209,"ONION DRY SOUP & DIP MIX, ONION",Pantry > Soup,Pantry > Dips & Spreads > Dip,dip-titled-but-wrong-path heuristic,0.95
1377538,"ONION DIP AND SOUP MIX WITH REAL ONIONS, ONIONS",Pantry > Soup,Pantry > Dips & Spreads > Dip,dip-titled-but-wrong-path heuristic,0.95
2499905,"ONION SOUP & DIP MIX, ONOIN",Pantry > Soup > Onion Soup Mix,Pantry > Mixes > Soup & Dip Mix,dip-titled-but-wrong-path heuristic,0.95
1949008,ONION SOUP DIP & RECIPE MIX,Pantry > Soup,Pantry > Dips & Spreads > Dip,dip-titled-but-wrong-path heuristic,0.95
2068615,SOUP & DIP MIX,Pantry > Soup,Pantry > Dips & Spreads > Dip,dip-titled-but-wrong-path heuristic,0.95
1890537,"DOXY'S, NATURAL ONION SOUP & DIP MIX",Pantry > Soup > Onion Soup Mix,Pantry > Mixes > Soup & Dip Mix,dip-titled-but-wrong-path heuristic,0.95
1863445,"GREEK YOGURT DIP MIX, ZESTY SPINACH",Pantry > Canned Vegetables > Spinach > Organic,Pantry > Dips & Spreads > Spinach Dip,dip-titled-but-wrong-path heuristic,0.95
1852673,"ROUNDY'S, ONION SOUP & DIP MIX",Pantry > Soup,Pantry > Dips & Spreads > Dip,dip-titled-but-wrong-path heuristic,0.95
2546452,"ONION SOUP & DIP MIX, ONION",Pantry > Soup > Onion Soup Mix,Pantry > Mixes > Soup & Dip Mix,dip-titled-but-wrong-path heuristic,0.95
2427893,"BEEFY ONION RECIPE, SOUP & DIP MIX, BEEFY ONION",Pantry > Soup,Pantry > Dips & Spreads > Dip,dip-titled-but-wrong-path heuristic,0.95
2439912,"ONION SOUP & DIP MIX, ONION",Pantry > Soup,Pantry > Dips & Spreads > Dip,dip-titled-but-wrong-path heuristic,0.95
2499260,"ONION RECIPE SOUP & DIP MIX, ONION",Pantry > Soup,Pantry > Dips & Spreads > Dip,dip-titled-but-wrong-path heuristic,0.95
2415883,"ONION RECIPE SOUP & DIP MIX, ONION",Pantry > Soup,Pantry > Dips & Spreads > Dip,dip-titled-but-wrong-path heuristic,0.95
2448844,"ONION SOUP & DIP MIX, ONION",Pantry > Soup,Pantry > Dips & Spreads > Dip,dip-titled-but-wrong-path heuristic,0.95
2034451,"FRENCH ONION DIP SEASONING MIX, FRENCH ONION DIP",Pantry > Soup > French Onion Soup,Pantry > Dips & Spreads > French Onion Dip,dip-titled-but-wrong-path heuristic,0.95
2177319,"CLASSIC FRENCH ONION DIP & SEASONING MIX, CLASSIC FRENCH ONION",Pantry > Soup > French Onion Soup,Pantry > Dips & Spreads > French Onion Dip,dip-titled-but-wrong-path heuristic,0.95
1970883,"ONION SOUP & DIP MIX, ONION",Pantry > Soup,Pantry > Dips & Spreads > Dip,dip-titled-but-wrong-path heuristic,0.95
2673616,"ONION RECIPE SOUP & DIP MIX, ONION",Pantry > Soup,Pantry > Dips & Spreads > Dip,dip-titled-but-wrong-path heuristic,0.95
2021382,"FRENCH ONION DIP SEASONING MIX, FRENCH ONION",Pantry > Soup > French Onion Soup > Mix,Pantry > Dips & Spreads > French Onion Dip,dip-titled-but-wrong-path heuristic,0.95
2015309,"KEY FOOD, ONION SOUP, RECIPE & DIP MIX",Pantry > Soup > Mix,Pantry > Mixes > Soup & Dip Mix,dip-titled-but-wrong-path heuristic,0.95
2008410,"WHITE ROSE, ONION SOUP, RECIPE & DIP MIX",Pantry > Soup > Onion Soup Mix,Pantry > Mixes > Soup & Dip Mix,dip-titled-but-wrong-path heuristic,0.95
1861765,"ONION SOUP, DIP & RECIPE MIX, ONION",Pantry > Soup > French Onion Soup > Mix,Pantry > Dips & Spreads > French Onion Dip,dip-titled-but-wrong-path heuristic,0.95
2163372,"FRENCH ONION DIP MIX, FRENCH ONION",Pantry > Soup > French Onion Soup > Mix,Pantry > Dips & Spreads > French Onion Dip,dip-titled-but-wrong-path heuristic,0.95
2432869,FRENCH ONION RECIPE & DIP MIX,Pantry > Soup > French Onion Soup,Pantry > Dips & Spreads > French Onion Dip,dip-titled-but-wrong-path heuristic,0.95
2090842,"PAMPA, ONION RECIPE, SOUP & DIP MIX",Pantry > Soup,Pantry > Dips & Spreads > Dip,dip-titled-but-wrong-path heuristic,0.95
2567512,"ONION SOUP & DIP MIX, ONION",Pantry > Soup,Pantry > Dips & Spreads > Dip,dip-titled-but-wrong-path heuristic,0.95
1941291,"ORGANIC DIP MIX, FRENCH ONION",Pantry > Soup > French Onion Soup > Organic,Pantry > Dips & Spreads > French Onion Dip,dip-titled-but-wrong-path heuristic,0.95
2209812,FRENCH ONION DIP MIX,Pantry > Soup > French Onion Soup > Organic,Pantry > Dips & Spreads > French Onion Dip,dip-titled-but-wrong-path heuristic,0.95
2392055,"SPINACH AND LEEK DIP & SPREAD MIX, SPINACH AND LEEK",Pantry > Canned Vegetables > Spinach > Organic,Pantry > Dips & Spreads > Spinach Dip,dip-titled-but-wrong-path heuristic,0.95
2030948,"TOO GOOD GOURMET, SPINACH DIP MIX",Pantry > Canned Vegetables > Spinach,Pantry > Dips & Spreads > Spinach Dip,dip-titled-but-wrong-path heuristic,0.95
2642788,"FRENCH ONION ORGANIC DIP MIX, FRENCH ONION",Pantry > Soup > French Onion Soup > Organic,Pantry > Dips & Spreads > French Onion Dip,dip-titled-but-wrong-path heuristic,0.95
2025623,ARTICHOKE SPINACH DIP MIX,Pantry > Canned Vegetables > Spinach,Pantry > Dips & Spreads > Spinach Dip,dip-titled-but-wrong-path heuristic,0.95
2432766,"PARTY DIP MIX, SWEET & SAVORY SPINACH",Pantry > Canned Vegetables > Spinach,Pantry > Dips & Spreads > Spinach Dip,dip-titled-but-wrong-path heuristic,0.95
1884597,"FIESTA JUAN'S, ARTICHOKE SPINACH DIP MIX, MEDIUM, MEDIUM",Pantry > Canned Vegetables > Spinach > Medium,Pantry > Dips & Spreads > Spinach Dip,dip-titled-but-wrong-path heuristic,0.95
2499266,"VEGETABLE RECIPE SOUP & DIP MIX, VEGETABLE",Pantry > Soup > Dip Mix,Pantry > Mixes > Soup & Dip Mix,dip-titled-but-wrong-path heuristic,0.95
2297379,"SPINACH DIP QUICK MIX, SPINACH DIP",Pantry > Canned Vegetables > Spinach,Pantry > Dips & Spreads > Spinach Dip,dip-titled-but-wrong-path heuristic,0.95
1381370,"BEEFY ONION RECIPE, SOUP & DIP MIX",Pantry > Soup,Pantry > Dips & Spreads > Dip,dip-titled-but-wrong-path heuristic,0.95
2403840,"BEEFY ONION SOUP & DIP MIX, BEEFY ONION",Pantry > Soup > French Onion Soup > Mix,Pantry > Dips & Spreads > French Onion Dip,dip-titled-but-wrong-path heuristic,0.95
2499889,"SAVORY HERB WITH GARLIC RECIPE SOUP & DIP MIX, SAVORY HERB WITH GARLIC",Pantry > Soup,Pantry > Dips & Spreads > Dip,dip-titled-but-wrong-path heuristic,0.95
1917249,"SOUP, TORTILLA FILLING OR DIP MIX",Pantry > Soup > Tortilla Soup Mix,Pantry > Mixes > Soup & Dip Mix,dip-titled-but-wrong-path heuristic,0.95
1853101,"SOUP & DIP MIX, ONION",Pantry > Soup,Pantry > Dips & Spreads > Dip,dip-titled-but-wrong-path heuristic,0.95
2399786,"ONION MUSHROOM RECIPE SOUP & DIP MIX, ONION MUSHROOM",Pantry > Soup > Dry Mix,Pantry > Mixes > Soup & Dip Mix,dip-titled-but-wrong-path heuristic,0.95
2499830,"GOLDEN ONION RECIPE SOUP & DIP MIX, GOLDEN ONION",Pantry > Soup,Pantry > Dips & Spreads > Dip,dip-titled-but-wrong-path heuristic,0.95
2632155,"RECIPE, SOUP & DIP MIX",Pantry > Soup > Dry Mix,Pantry > Mixes > Soup & Dip Mix,dip-titled-but-wrong-path heuristic,0.95
2130238,"ONION RECIPE, SOUP & DIP MIX, ONION",Pantry > Soup,Pantry > Dips & Spreads > Dip,dip-titled-but-wrong-path heuristic,0.95
2123093,"RECIPE, SOUP & DIP MIX, ONION",Pantry > Soup,Pantry > Dips & Spreads > Dip,dip-titled-but-wrong-path heuristic,0.95
2435448,"ONION RECIPE, SOUP & DIP MIX, ONION",Pantry > Soup,Pantry > Dips & Spreads > Dip,dip-titled-but-wrong-path heuristic,0.95
2629948,"ONION RECIPE SOUP AND DIP MIX, ONION",Pantry > Soup,Pantry > Dips & Spreads > Dip,dip-titled-but-wrong-path heuristic,0.95
2154739,"ONION SOUP & DIP MIX, ONION",Pantry > Soup > Onion Soup Mix,Pantry > Mixes > Soup & Dip Mix,dip-titled-but-wrong-path heuristic,0.95
2008787,"WEIS, ONION DIP & SOUP MIX",Pantry > Soup,Pantry > Dips & Spreads > Dip,dip-titled-but-wrong-path heuristic,0.95
1632721,"SOUP & DIP MIX, ONION",Pantry > Soup > French Onion Soup > Mix,Pantry > Dips & Spreads > French Onion Dip,dip-titled-but-wrong-path heuristic,0.95
2035029,"ONION SOUP & DIP MIX, ONION",Pantry > Soup,Pantry > Dips & Spreads > Dip,dip-titled-but-wrong-path heuristic,0.95
2122937,"RECIPE, SOUP & DIP MIX, ONION",Pantry > Soup,Pantry > Dips & Spreads > Dip,dip-titled-but-wrong-path heuristic,0.95
2427393,"ONION SOUP & DIP MIX FOR SOUPS, DIPS & RECIPES, ONION",Pantry > Soup,Pantry > Dips & Spreads > Dip,dip-titled-but-wrong-path heuristic,0.95
2415809,"ONION RECIPE, SOUP & DIP MIX, ONION",Pantry > Soup > Dry Mix,Pantry > Mixes > Soup & Dip Mix,dip-titled-but-wrong-path heuristic,0.95
2249884,"ONION RECIPE, SOUP & DIP MIX, ONION",Pantry > Soup,Pantry > Dips & Spreads > Dip,dip-titled-but-wrong-path heuristic,0.95
2447835,"ONION SOUP & DIP MIX, ONION",Pantry > Soup,Pantry > Dips & Spreads > Dip,dip-titled-but-wrong-path heuristic,0.95
380680,ONION SOUP & DIP MIX,Pantry > Soup,Pantry > Dips & Spreads > Dip,dip-titled-but-wrong-path heuristic,0.95
1632618,"ONION SOUP & DIP MIX, ONION",Pantry > Soup,Pantry > Dips & Spreads > Dip,dip-titled-but-wrong-path heuristic,0.95
2026568,"ONION RECIPE, SOUP & DIP MIX, ONION",Pantry > Soup,Pantry > Dips & Spreads > Dip,dip-titled-but-wrong-path heuristic,0.95
2016265,ONION DIP AND SOUP MIX,Pantry > Soup,Pantry > Dips & Spreads > Dip,dip-titled-but-wrong-path heuristic,0.95
2524752,"ONION RECIPE SOUP & DIP MIX, ONION RECIPE",Pantry > Soup > French Onion Soup > Mix,Pantry > Dips & Spreads > French Onion Dip,dip-titled-but-wrong-path heuristic,0.95
2430304,ONION SOUP & DIP MIX,Pantry > Soup,Pantry > Dips & Spreads > Dip,dip-titled-but-wrong-path heuristic,0.95
2056895,ONION SOUP MIX DIP,Pantry > Soup > French Onion Soup > Mix,Pantry > Dips & Spreads > French Onion Dip,dip-titled-but-wrong-path heuristic,0.95
2265449,"ONION RECIPE SOUP & DIP MIX, ONION",Pantry > Soup,Pantry > Dips & Spreads > Dip,dip-titled-but-wrong-path heuristic,0.95
1063553,"ONION DIP + RECIPE SOUP MIX, ONION",Pantry > Soup,Pantry > Dips & Spreads > Dip,dip-titled-but-wrong-path heuristic,0.95
2032974,ONION SOUP & DIP MIX,Pantry > Soup,Pantry > Dips & Spreads > Dip,dip-titled-but-wrong-path heuristic,0.95
2543497,"ONION DRY SOUP & DIP MIX, ONION",Pantry > Soup,Pantry > Dips & Spreads > Dip,dip-titled-but-wrong-path heuristic,0.95
2337733,"RECIPE SOUP & DIP MIX, RANCH",Pantry > Soup,Pantry > Dips & Spreads > Dip,dip-titled-but-wrong-path heuristic,0.95
2179683,"ONION LOW SODIUM SOUP & DIP MIX, ONION",Pantry > Soup > Dry > Low Sodium,Pantry > Mixes > Soup & Dip Mix,dip-titled-but-wrong-path heuristic,0.95
2425767,"VEGETABLE RECIPE, SOUP & DIP MIX, VEGETABLE",Pantry > Soup,Pantry > Dips & Spreads > Dip,dip-titled-but-wrong-path heuristic,0.95
2469981,"BEEFY ONION RECIPE SOUP & DIP MIX, BEEFY ONION",Pantry > Soup > Mix,Pantry > Mixes > Soup & Dip Mix,dip-titled-but-wrong-path heuristic,0.95
2631602,"LIEBER'S ONION SOUP MIX & INSTANT ONION DIP, 2 COUNT, 2 3/4 OZ",Pantry > Soup > Instant,Pantry > Mixes > Soup & Dip Mix,dip-titled-but-wrong-path heuristic,0.95
2412739,"ONION SOUP MIX & INSTANT ONION DIP, ONION",Pantry > Soup > French Onion Soup > Mix,Pantry > Dips & Spreads > French Onion Dip,dip-titled-but-wrong-path heuristic,0.95
2654087,CONSOMME INSTANT SOUP MIX & ONION DIP,Pantry > Soup > Instant,Pantry > Mixes > Soup & Dip Mix,dip-titled-but-wrong-path heuristic,0.95
2040677,"HOMESTYLE VEGETABLE RECIPE, SOUP & DIP MIX, HOMESTYLE VEGETABLE",Pantry > Soup,Pantry > Dips & Spreads > Dip,dip-titled-but-wrong-path heuristic,0.95
2672685,"VEGETABLE RECIPE SOUP & DIP MIX, VEGETABLE",Pantry > Soup > Dry Mix,Pantry > Mixes > Soup & Dip Mix,dip-titled-but-wrong-path heuristic,0.95
2432795,"PARTY DIP MIX, CREAMY SPINACH & DILL",Pantry > Canned Vegetables > Spinach,Pantry > Dips & Spreads > Spinach Dip,dip-titled-but-wrong-path heuristic,0.95
2670748,"CHIPOTLE SPINACH DIP, CHIPOTLE SPINACH",Pantry > Canned Vegetables > Spinach,Pantry > Dips & Spreads > Spinach Dip,dip-titled-but-wrong-path heuristic,0.95
1851468,"FIESTA FOODS, DIP MIX, SPINACH & ARTICHOKE, SPINACH & ARTICHOKE",Pantry > Canned Vegetables > Spinach,Pantry > Dips & Spreads > Spinach Dip,dip-titled-but-wrong-path heuristic,0.95
2018231,SPINACH DIP WITH VEGGIES,Pantry > Canned Vegetables > Spinach,Pantry > Dips & Spreads > Spinach Dip,dip-titled-but-wrong-path heuristic,0.95
2595320,"VEGGIE DIPS SPINACH ARTICHOKE APPETIZER DIP, SPINACH ARTICHOKE",Pantry > Canned Vegetables > Spinach,Pantry > Dips & Spreads > Spinach Dip,dip-titled-but-wrong-path heuristic,0.95
2743628,"Birds Eye Frozen Spinach & Artichoke Dip, 10 oz.",Pantry > Canned Vegetables > Spinach,Pantry > Dips & Spreads > Spinach Dip,dip-titled-but-wrong-path heuristic,0.95
2679345,"CHEESE DIP SPINACH & ARTICHOKES BLENDED WITH PARMESAN, MOZZARELLA AND NEUFCHATEL",Pantry > Canned Vegetables > Spinach,Pantry > Dips & Spreads > Spinach Dip,dip-titled-but-wrong-path heuristic,0.95
1648628,"CHEESE DIP SPINACH & ARTICHOKES BLENDED WITH PARMESAN, MOZZARELLA AND NEUFCHATEL",Pantry > Canned Vegetables > Spinach,Pantry > Dips & Spreads > Spinach Dip,dip-titled-but-wrong-path heuristic,0.95
1514885,"SPINACH & ARTICHOKE BLENDED WITH PARMESAN, MOZZARELLA AND NEUFCHATEL CHEESES DIP",Pantry > Canned Vegetables > Spinach,Pantry > Dips & Spreads > Spinach Dip,dip-titled-but-wrong-path heuristic,0.95
2549666,"SPINACH & ARTICHOKE DIP, SPINACH & ARTICHOKE",Pantry > Canned Vegetables > Spinach,Pantry > Dips & Spreads > Spinach Dip,dip-titled-but-wrong-path heuristic,0.95
2308751,"SPINACH, ARTICHOKE & GOUDA DIP, SPINACH, ARTICHOKE & GOUDA",Pantry > Canned Vegetables > Spinach,Pantry > Dips & Spreads > Spinach Dip,dip-titled-but-wrong-path heuristic,0.95
2433738,SPINACH & ARTICHOKE CHEESE DIP,Pantry > Canned Vegetables > Spinach,Pantry > Dips & Spreads > Spinach Dip,dip-titled-but-wrong-path heuristic,0.95
1867256,"GREAT AMERICAN APPETIZERS, INC., SPINACH, CHEESE & ARTICHOKE DIP",Pantry > Canned Vegetables > Spinach,Pantry > Dips & Spreads > Spinach Dip,dip-titled-but-wrong-path heuristic,0.95
2609644,"SPINACH & ARTICHOKE TENDER SPINACH AND ARTICHOKES COMBINED WITH CREAM CHEESE, MO",Pantry > Canned Vegetables > Spinach,Pantry > Dips & Spreads > Spinach Dip,dip-titled-but-wrong-path heuristic,0.95
