bucket,fdc_id,title,ingredients,canonical_path,verdict,note
deepseek_reverted,2488285,"FLAVORED JUICE DRINK, MANGO PEACH","Filtered Water, High Fructose Corn Syrup, Carrot Juice from Concentrate (Filtered Water, Carrot Juice Concentrate), Cont",Beverage > Juice,BORDERLINE,landed at generic fallback (no sub-type)
deepseek_reverted,468068,SEEKH KEBAB MASALA SPIC MIX,"Red Chili, Salt, Coriander, Roasted Cumin Powder, Dried Mango Powder, Black Pepper, Cinnamon, Cardamom, Clove, Dried Gar",Pantry > Spices & Seasonings > Seasoning,BORDERLINE,landed at generic fallback (no sub-type)
deepseek_reverted,1522335,JUICE COCKTAIL,"Filtered Water, Sugar, Grape Juice from Concentrate, Cranberry Juice from Concentrate, Pomegranate Juice from Concentrat",Beverage > Juice,BORDERLINE,landed at generic fallback (no sub-type)
deepseek_reverted,1875063,"CVS PHARMACY, HAPPY HOLIDAYS COOKIES, DOUBLE CHOCOLATE CHIP, DOUBLE CHOCOLATE CH","Bleached Enriched Flour (Wheat Flour, Niacin, Iron, Thiamine, Riboflavin, Folic Acid), Shortening (Interesterified Soybe",Snack > Cookies,BORDERLINE,landed at generic fallback (no sub-type)
deepseek_reverted,1950976,"PRESTIGE BISCUITS COLLECTION, DARK CHOCOLATE VANILLA","Sugar, Wheat Flour, Unsweetened Chocolate, Vegetable Oil (Palm Kernel, Sunflower Oil, Palm Oil), Cocoa Butter, Skim Milk",Snack > Cookies,BORDERLINE,landed at generic fallback (no sub-type)
deepseek_reverted,1878477,"KAUAI KOOKIE, PETITE HAWAIIAN HOMESTYLE COOKIES","Cashew Flour, Malted Barley Flour, Niacin (Vitamin B3), Iron, Thiamine (Vitamin B1), Riboflavin (Vitamin B2)], Butter, S",Snack > Cookies,BORDERLINE,landed at generic fallback (no sub-type)
deepseek_reverted,2009794,ARBOL CHILE PODS,Arbol Chile Pods.,Pantry > Spices & Seasonings > Seasoning,BORDERLINE,landed at generic fallback (no sub-type)
deepseek_reverted,540254,"RITA RITZ, GUYABANO FRUIT TEA",Guyabano Fruit and Guyabano Leaves (Annona muricata),Beverage > Tea,BORDERLINE,landed at generic fallback (no sub-type)
never_touched,1887209,LABNEH MIDDLE EASTERN STYLE SPREADABLE CHEESE,"Cultured Milk, Salt, Potassium Sorbate.",Dairy > Cheese,BORDERLINE,landed at generic fallback (no sub-type)
never_touched,2104997,"RASPBERRY TEA, RASPBERRY","Ingredients: Water, High Fructose Corn Syrup, Sugar, Citric Acid, Tea, Natural Flavors",Beverage > Tea,BORDERLINE,landed at generic fallback (no sub-type)
never_touched,2489560,COLD-PRESSED VEGETABLE AND FRUIT JUICE BLEND,"Juices (Celery*, Pear*, Apple*, Kale*, Lemon*, Fennel*, Ginger Root*).",Beverage > Juice,BORDERLINE,landed at generic fallback (no sub-type)
never_touched,2103292,"FISH SAUCE, FISH","Fish Extract (Anchovy), Salt, Sugar, Water.",Pantry > Sauces & Salsas > Sauce,BORDERLINE,landed at generic fallback (no sub-type)
never_touched,2570254,COUNTRY POTATO BREAD,"Enriched Flour (Wheat Flour Unbleached, Malted Barley Flour, Niacin, Iron, Thiamine, Riboflavin, Folic Acid), Water, Sug",Bakery > Bread,BORDERLINE,landed at generic fallback (no sub-type)
never_touched,2209589,"CHICKEN SWEET & SOUR SAUCE, CHICKEN","Water, Dextrose, Sugar, Peaches and/or Apricots (Sulfur Dioxide), Vinegar, Salt, Guar Gum, Paprika, Xanthan Gum, Natural",Pantry > Sauces & Salsas > Sauce,BORDERLINE,landed at generic fallback (no sub-type)
deepseek_kept,2585682,ORNAMENT TINS,"Milk Chocolate (Sugar, Chocolate, Cocoa Butter, Skim Milk, Milkfat, Lactose, Soy Lecithin, Salt, Artificial Flavors), Su",Snack > Candy > Chocolate Candy > M&M's,CHECK,no title-path word overlap
deepseek_kept,2719083,"Glorietta Tomato Juice, 46oz Can","Tomato Juice from Concentrate, Salt, Citric Acid, Vitamin C",Pantry > Canned Vegetables > Tomatoes,CHECK,no title-path word overlap
deepseek_reverted,2426270,FRESH VEGETABLES VEGGIE BOWL WITH DIP,"Celery, Carrots, Grape Tomatoes, Peppers, Dip (Non Fat Buttermilk (Whey, Water, Skim Milk Powder, Cornstarch, Tapioca St",Produce > Snack Packs > Vegetable Snack Pack,CHECK,no title-path word overlap
deepseek_reverted,2740484,"Duncan Hines Comstock Peach Pie Filling and Topping, 21 oz.","Peaches, Water, Sugar, Cornstarch, Peach Juice Concentrate, Citric Acid.",Pantry > Bouillon & Broth > Stock,CHECK,no title-path word overlap
deepseek_reverted,2253716,"PEANUT BUTTER, DARK CHOCOLATE & ALMOND BAR, PEANUT BUTTER, DARK CHOCOLATE & ALMO","Peanut Butter (Roasted Peanuts, Salt), Dark Chocolate Flavored Coating (Sugar, Palm Kernel Oil, Cocoa Powder, Sunflower ",Snack > Nuts > Almonds,CHECK,no title-path word overlap
deepseek_reverted,1853017,TOTELLONI CHEESE,"Drum Wheat Semolina, Durum Flour and Pasteurized Eggs, Breadcrumb(Wheat Flour, Brewer's Yeast, Salt), Ricotta Cheese, Ed",Pantry > Pasta,CHECK,no title-path word overlap
deepseek_reverted,1931077,ORGANIC RAW PUMPKIN SEEDS,Organic Pumpkin Seeds.,Snack > Nuts > Organic,CHECK,no title-path word overlap
deepseek_reverted,1921030,"FUDGE BROWNIE BITES, FUDGE","Sugar, Bleached Wheat Flour, Soybean Oil, Water, Egg Whites, Palm Oil, Cocoa, Contains less than 2% of Each of the Follo",Bakery > Brownies,CHECK,no title-path word overlap
deepseek_reverted,2103636,"STRAWBERRY SPLASH FLAVORED SMOOTH FINISH THIRST QUENCHER, STRAWBERRY SPLASH","Water, Sugar, Dextrose, Citric Acid, Natural Flavor, Sodium Citrate, Salt, Monopotassium Phosphate, Phosphoric Acid, Red",Pantry > Mixes > Sports Drink Mix,CHECK,no title-path word overlap
deepseek_reverted,2673327,LIME CILANTRO RICE,"Water, White Rice (Long Grain Parboiled Rice, Cornstarch, Iron Phosphate, Niacin, Thiamine, Folic Acid, Calcium Phosphat",Meal > Meal Starters,CHECK,no title-path word overlap
deepseek_reverted,1892703,"AUTHENTIC ITALIAN SOUP, TOMATO & BASIL","Tomato Pulp (Tomatoes, Citric Acid), Water, Onion, Extra Virgin , Olive Oil, Basil, Garlic, Sea Salt, Rice Syrup, Black ",Pantry > Canned Vegetables > Tomatoes,CHECK,no title-path word overlap
deepseek_reverted,2265300,"VANILLA ALMONDMILK, VANILLA","Almondmilk (Filtered Water, Almonds), Vitamin and Mineral Blend (Calcium Carbonate, Vitamin E Acetate, Vitamin A, Vitami",Beverage > Plant Milk > Almond Milk,CHECK,no title-path word overlap
deepseek_reverted,2441906,"AGUCAS FRESCAS FRUIT COOLER BEVERAGE, BLUE RASPBERRY","Water, High Fructose Corn Syrup, Citric Acid, Potassium Sorbate (Preservative), Sodium Benzoate (Preservative), Sodium C",Frozen > Ice Cream > Ice Pops,CHECK,no title-path word overlap
deepseek_reverted,2622536,SAPPHIRE  SMOOTHIE CUBES,"Banana*, Apple*, Pineapple*, Cauliflower*, Coconut Cream*, Grape, Lemon Juice*, Pea Protein, Filtered Water, Chia Protei",Snack > Fruit Snacks > High Protein > Organic,CHECK,no title-path word overlap
deepseek_reverted,1934430,FRUIT & PROTEIN PACK,"Water, Banana, Coconut Cream, Whey Protein Isolate, Mango, Apple Juice Concentrate, Apple Puree Concentrate, Pineapple J",Snack > Snack Packs,CHECK,no title-path word overlap
deepseek_reverted,2655268,"PEPPERONI ROSA UNCURED PEPPERONI & CREAMY ROSA SAUCE, MOZZARELLA, PARMESAN & BAS","Dough (Enriched Wheat Flour [Wheat Flour, Niacin, Iron, Thiamine, Riboflavin, Enzyme, Folic Acid], Water, Egg [Egg White",Meal > Pizza,CHECK,no title-path word overlap
deepseek_reverted,2624517,MASHED POTATOES CHICKEN & MUSHROOMS IN RED WINE SAUCE,"Mashed Potatoes: Water, Half & Half (Milk, Cream), Cream Cheese (Pasteurized Milk, Cream, Cheese Culture, Salt, Stabiliz",Frozen > Single Entrees > Frozen Entree,CHECK,no title-path word overlap
never_touched,2569612,ASSORTED LOZENGES,"Sugar, Corn Syrup, Dextrose, Glycerine, Gelatin, Vegetable Gums (Tragacanth, Arabic, And Xanthan), Natural and Artificia",Snack > Candy > Hard Candy,CHECK,no title-path word overlap
never_touched,2064705,APRICOT HALVES IN EXTRA LIGHT SYRUP,"Apricots, Water, High Fructose Corn Syrup, Corn Syrup, Sugar.",Pantry > Canned Fruit > Apricots,CHECK,no title-path word overlap
never_touched,2630890,"HAWAII ASSORTED CHOCOLATE, LEMON TRUFFLE, MILK CHOCOLATE CREAM, ORANGE CREAM, PI","Sugar, Cocoa Butter, Cream, Chocolate, Milk, Coconut, Corn Syrup, Contains less than 2% of the Following: Honey, Butter,",Snack > Candy > Truffles,CHECK,no title-path word overlap
never_touched,2452268,"BAVARIAN RAW KRAUT, BAVARIAN","Organic Cabbage, Water, Organic Cane Sugar, Sea Salt, Organic Caraway Seeds, Lactic Acid",Pantry > Canned Vegetables > Sauerkraut > Organic,CHECK,no title-path word overlap
never_touched,2028318,NAKED MEDLEY,"Raisins, Almonds, Cashews.",Snack > Trail Mix,CHECK,no title-path word overlap
never_touched,2420181,"THE CLEAN TEETH POPS, STRAWBERRY, ORANGE, GRAPE, PINEAPPLE, RASPBERRY, CHERRY","Isomalt Syrup, Erythritol, Xylitol, Citric Acid, Natural Flavors, Beetroot Juice, Stevia, Turmeric, Grape Extract, Annat",Snack > Candy > Hard Candy,CHECK,no title-path word overlap
never_touched,2277566,"ORIGINAL GOURMET BBQSAUCE, ORIGINAL","Dark Brown Sugar, Honey, Grape Juice, Tomato Paste, Water, Molasses, Distilled Vinegar, Potato Starch, Jank Blend (Spice",Pantry > Sauces & Salsas > Barbecue Sauce,CHECK,no title-path word overlap
never_touched,2277496,"BLUEBERRY FLAX WITH PREBIOTIC FIBER SUPERFOOD OATMEAL, BLUEBERRY FLAX","Organic Certified Gluten-Free Oats, Coconut Sugar, Dried Blueberries (Blueberries, Sugar, Sunflower Oil), Organic Flax S",Pantry > Grain > Oats > Instant > Gluten Free > Organic,CHECK,no title-path word overlap
deepseek_kept,1855497,"GOYA, SARDINES IN VEGETABLE OIL","Herring (Fish), Vegetable Oil, Salt, Water.",Pantry > Canned Seafood > Sardines > Vegetable Oil,OK,"shared: oil,sardines,vegetable"
deepseek_kept,2051469,CHEWY CHERRY HEARTS,"Sugar, Corn Syrup, Food Starch Modified, Dextrose, Cherry Juice Concentrate, Natural and Artificial Flavors, Citric Acid",Snack > Candy > Chewy Candy > Cherry,OK,"shared: cherry,chewy"
deepseek_kept,2013372,"ONION BAGELS, ONION","Enriched High-Gluten Flour (Wheat Flour, Malted Barley Flour, Niacin, Iron, Thiamine, Riboflavin, Folic Acid), Water, On",Bakery > Bagels > Onion Bagels,OK,"shared: bagels,onion"
deepseek_kept,2616386,"PREMIUM WHITE MEAT ORIGINAL STYLE WITHOUT VEGETABLES CHICKEN PIE, CHICKEN","Filling: Chicken Broth, Cooked White Chicken Meat, Wheat Flour, Butter (Cream), Modified Corn Starch, Chicken Base (Salt",Frozen > Single Entrees > Chicken Pot Pie,OK,"shared: chicken,pie"
deepseek_kept,1977454,"KEY LIME WAFERS, KEY LIME","Vegetable Oil (Canola, Soybean, Modified Palm and Palm Kernel Oil), Sorbitol*, Enriched Wheat Flour (Wheat Flour, Malted",Snack > Cookies > Key Lime,OK,"shared: key,lime"
deepseek_kept,2055343,"CENTRAL MARKET, LEMON SQUARES","Sugar, Wheat Flour (Milled Wheat, Malted Barley Flour), Confectioner's Sugar (Sugar, Cornstarch), Vanilla Powder, Salt, ",Pantry > Baking Mixes > Cake Mix > Lemon,OK,shared: lemon
deepseek_kept,1908432,CHEWY DIPPED CHOCOLATE CHIP COATED WITH GRANOLA BAR,"Milk Chocolate Flavored Coating [Sugar, Palm Kernel and/or Palm Oil, Whey Powder, Lactose, Cocoa Powder, Cocoa Powder (P",Snack > Bars > Granola Bars > Chewy > Dipped,OK,"shared: chewy,dipped,granola"
deepseek_kept,2626988,"WHITE HOT DOG BUNS, WHITE","Enriched Flour [Unbleached Wheat Flour, Malted Barley Flour, Iron, Thiamine (Vitamin B1), Riboflavin (Vitamin B2), Niaci",Bakery > Buns > Hot Dog Buns,OK,"shared: buns,dog,hot"
deepseek_kept,1372540,HERB FLOWERS MIX,,Produce > Vegetables > Herb Flowers Mix,OK,"shared: flowers,herb,mix"
deepseek_kept,1536921,"PARKER'S, LIGHTY SPARKLING SODA, APPLE WITH A TWIST OF LIME","Organic Apple [50%], Organic Grape or Apple and Organic Lime [5%] Juices from Concentrate.",Beverage > Juice > Apple Juice > Sparkling > Carbonated,OK,"shared: apple,sparkling"
deepseek_kept,2559606,C/E Beef Drained Spag Sce 6/5# 30#,"Ground Beef (Fat), Water, Tomato Paste, Contains less than 2% of Onions, Sugar, Seasoning (Potassium Chloride, Flavor [M",Pantry > Sauces & Salsas > Pasta Sauce > Beef,OK,shared: beef
deepseek_kept,1923503,"DICED TOMATOES IN RICH, THICK JUICE","Tomatoes, Tomato Juice, Calcium Chloride.",Pantry > Canned Vegetables > Diced Tomatoes > Diced,OK,"shared: diced,tomatoes"
deepseek_kept,1944861,WHITE CHEDDAR CHEESE BALLS,"Cornmeal, Vegetable Oil (Contains One or More of the Following: Cottonseed Oil, Corn, Canola, Sunflower Oil, Safflower),",Snack > Cheese Snacks > Cheese Balls,OK,"shared: balls,cheese"
deepseek_kept,2135925,"CAJUN STYLE SEASONED BREADING FOR FISH & SHRIMP, CAJUN STYLE","Yellow Corn Meal, Wheat Flour, Maltodextrin, Salt (Sea Salt), Spice, Dehydrated Garlic, Dehydrated Onion, Paprika, Soybe",Pantry > Baking Mixes > Breading > Cajun Style,OK,"shared: breading,cajun,style"
deepseek_kept,2418932,"FLAKY BUTTERMILK FLAVORED JUMBO! BISCUITS, FLAKY BUTTERMILK","Enriched Bleached Flour (Wheat Flour, Niacin, Iron, Thiamine [Vitamin B1], Riboflavin [Vitamin B2], Folic Acid), Water, ",Pantry > Baking Mixes > Biscuit Mix > Flaky,OK,shared: flaky
deepseek_kept,2009055,HEARTY OATNUT BREAD,"Whole Wheat Flour, Water, Enriched Wheat Flour [Flour, Malted Barley Flour, Iron, Niacin, Thiamine (Vitamin B1), Ribofla",Bakery > Bread > Hearty,OK,"shared: bread,hearty"
deepseek_kept,1961550,"DUPLEX SANDWICH CREMES, DUPLEX","Enriched Wheat Flour (Wheat Flour, Niacin, Iron, Thiamine, Riboflavin, Folic Acid), Palm Oil and/or Interesterified Soyb",Snack > Cookies > Sandwich Cremes > Duplex,OK,"shared: cremes,duplex,sandwich"
deepseek_kept,2635101,"SUGAR HAND DECORATED COOKIES, SUGAR","Ingredients: Wheat Flour, Sugar, Butter, Egg, Vanilla Extract, Water, Cornstarch, Invert Sugar, Meringue Making Powder (",Snack > Cookies > Decorated,OK,"shared: cookies,decorated"
deepseek_kept,2154415,"GREEN ONION CHEESE CURLS, GREEN ONION","Cornmeal, Water, Partially Hydrogenated Soybean Oil, Annatto Color, Salt. Cheese Blend (Granular and Blue [Milk, Cheese ",Snack > Cheese Curls > Green Onion,OK,"shared: cheese,curls,green,onion"
deepseek_kept,2621556,"GREEN PETITE PEAS, GREEN",Green Peas.,Produce > Vegetables > Peas > Green > Petite,OK,"shared: green,peas,petite"
deepseek_kept,2633088,"PLAIN PRE-SLICED BAGELS, PLAIN","Enriched High Gluten Flour (Wheat Flour, Malted Barley, Niacin, Iron, Thiamine, Riboflavin, Folic Acid), Water, Yeast, S",Bakery > Bagels > Pre Sliced,OK,"shared: bagels,pre,sliced"
deepseek_kept,2456084,"VEGETABLE STOCK, VEGETABLE","Water, Vegetable Broth (Celery, Onions Carrots), Tomato Paste (Salt, Citric Acid), Vegetable Base (Cooked Vegetables [Ca",Pantry > Bouillon & Broth > Vegetable Stock,OK,"shared: stock,vegetable"
deepseek_kept,1877465,"MEMOIRES, DARK CHOCOLATE HEARTS BISCUITS","Dark Chocolate (Sugar, Cocoa Mass, Cocoa Butter, Anhydrous Milk Fat, Whole Milk Powder, Emulsifier: Soy Lecithin), Wheat",Snack > Cookies > Dark Chocolate Hearts Biscuits,OK,"shared: biscuits,chocolate,dark,hearts"
deepseek_kept,2657275,WHITE CORN TORTILLAS,"Ground Corn Treated with Live Water, Cellulose Gum, Propionic Acid (Preservative), Benzoic Acid (Preservative), Phosphor",Bakery > Tortillas > Corn > White,OK,"shared: corn,tortillas,white"
deepseek_kept,2284002,"SODA, LEMON LIME","Carbonated Water, High Fructose Corn Syrup, Citric Acid, Sodium Benzoate (Preservative), Sodium Citrate, Natural Flavor.",Beverage > Carbonated > Lemon Lime,OK,"shared: lemon,lime"
deepseek_kept,2535805,"BUTTER TOFFEE PEANUTS, BUTTER","Peanuts, Sugar, Butter, Salt.",Snack > Nuts > Peanuts > Butter Toffee,OK,"shared: butter,peanuts,toffee"
deepseek_kept,2167252,DECORATED.COOKIE,"Wheat Flour, Sugar, Butter (Milk), Egg, Water, Cornstarch, Invert Sugar, Meringue Making Powder (Egg Whites, Sugar, Corn",Snack > Cookies > Decorated Cookie,OK,"shared: cookie,decorated"
deepseek_kept,2175909,"SOUTHWEST SALAD WITH CHIPOTLE CHICKEN, CHIPOTLE CHICKEN","Salad: Chipotle Chicken (Grilled Chicken, Chipotle Sauce [Chipotle Tabasco, Canola on, Smoked Paprika]). Lettuce, Grape,",Meal > Salads > Chicken Salad,OK,"shared: chicken,salad"
deepseek_kept,2433668,WHOLE TOMATOES IN TOMATO JUICE,"Whole Peeled Tomatoes, Tomato Juice, Salt, Calcium Chloride (Firming Agent), Citric Acid.",Pantry > Canned Vegetables > Tomatoes > Whole > In Tomato Juice,OK,"shared: juice,tomato,tomatoes,whole"
deepseek_kept,2011735,"MICHAEL ANGELO'S, CHICKEN PARMESAN","Tomatoes (Tomatoes, Salt), Water, Pasta (Durum Semolina), White Meat Chicken Breast, Mozzarella Cheese (Pasteurized Milk",Frozen > Single Entrees > Chicken Parmesan,OK,"shared: chicken,parmesan"
deepseek_kept,2652199,"APPLE DEHYDRATED CHIPS, APPLE",Apples.,Snack > Chips > Apple Chips,OK,"shared: apple,chips"
deepseek_kept,758480,Gushers Strawberry Splash and Tropical Fruit 20 Count,"Strawberry : Sugar, Corn Syrup, Dried Corn Syrup, Pear Puree Concentrate, Modified Corn Starch, Fructose, Maltodextrin, ",Snack > Fruit Snacks > Gummy,OK,shared: fruit
deepseek_kept,2691259,SONIC Chocolate Fudge Topping 6/46oz,"Corn Syrup, Nonfat Milk, Sugar, Hydrogenated Coconut Oil, Palm Oil, Cocoa (Processed with Alkali), Modified Corn Starch,",Pantry > Dessert Toppings > Chocolate Fudge,OK,"shared: chocolate,fudge"
deepseek_kept,2392818,ORGANIC SLICED BANANAS,"Organic Dough, Vitamin C, Citric Acid (To Promote Color Retention).",Produce > Fruit > Bananas > Sliced > Organic,OK,"shared: bananas,sliced"
deepseek_kept,2067086,CHICKEN TIKKA MASALA,"Chicken: Boneless Chicken Breast with Rib Meat, Water, Soybean Oil, Contains less than 2% of: Soy Protein Isolate, Potas",Frozen > Single Entrees > Chicken Tikka Masala,OK,"shared: chicken,masala,tikka"
deepseek_kept,441723,CHUNK WHITE CHICKEN IN WATER,"White Chicken Meat, Water, 2% or less of the Following: Salt, Modified Food Starch, Sodium Phosphates.",Pantry > Canned Meat > Chicken > Chunk White,OK,"shared: chicken,chunk,white"
deepseek_kept,2265905,"GOLDEN SANDWICH CREME COOKIES, GOLDEN SANDWICH","Ingredients: Unbleached Enriched Flour (Wheat Flour, Niacin, Iron, Thiamine, Riboflavin, Folic Acid), Sugar, Soybean Oil",Snack > Cookies > Golden,OK,"shared: cookies,golden"
deepseek_kept,1877015,"MEMBER'S MARK, ORGANIC JUICE, APPLE, APPLE","Filtered Water, Organic Apple Juice Concentrate, Vitamin C (Vitamin C), Malic Acid.",Beverage > Juice > Apple Juice > Organic,OK,"shared: apple,juice"
deepseek_kept,2467446,"WHITE HOT DOG BUNS, WHITE","Enriched Wheat Flour [Flour, Malted Barley Flour, Iron, Niacin, Thiamine (Vitamin B1), Riboflavin (Vitamin B2), Folic Ac",Bakery > Buns > Hot Dog Buns,OK,"shared: buns,dog,hot"
deepseek_kept,2678549,"CINNAMON SWIRL BREAD, CINNAMON","Enriched Wheat Flour (Flour, Malted Barley Flour, Iron, Niacin, Thiamine (Vitamin B1), Riboflavin (Vitamin B2), Folic Ac",Bakery > Bread > Cinnamon Swirl Bread,OK,"shared: bread,cinnamon,swirl"
deepseek_kept,2154693,"GLUTEN-FREE WILD BLUEBERRY FLAX DAIRY-FREE MUFFIN, WILD BLUEBERRY","Ground Flax Seed, Frozen Egg Whites, Evaporated Cane Juice, Pure Oats, Blueberries, Water, Expeller Pressed Safflower Oi",Bakery > Muffins > Dairy Free > Gluten Free,OK,shared: dairy
deepseek_kept,2704861,"Pepperidge Farm Light Style Soft Wheat Bread, 1 Lb Bag","Made from: Whole Wheat Flour, Water, Enriched Wheat Flour (Flour, Niacin, Iron, Thiamine, Riboflavin, Folic Acid), Wheat",Bakery > Bread > Soft > Light,OK,"shared: bread,light,soft"
deepseek_kept,2501655,"TROPICANA, 100% PURE ORANGE JUICE WITH CALCIUM & VITAMIN D, NO PULP","Pasteurized Orange Juice, Calcium Hydroxide*, Malic Acid*, Citric Acid*, And Vitamin D3*.",Beverage > Juice > Orange Juice > No Pulp > Calcium & Vitamin D,OK,"shared: calcium,juice,orange,pulp,vitamin"
deepseek_kept,2276451,"LEMONADE FROZEN CONCENTRATE, LEMONADE","High Fructose Corn Syrup, Water, Sugar, Lemon Juice Concentrate, Lemon Pulp, Lemon Oil.",Beverage > Juice > Orange Juice > Frozen > Concentrate,OK,"shared: concentrate,frozen"
deepseek_kept,2079010,GREEN PEAS,Green Peas.,Produce > Vegetables > Peas > Green,OK,"shared: green,peas"
deepseek_kept,1992251,"WHEAT CHEDDAR ORGANIC BAKED SNACK CRACKERS, WHEAT CHEDDAR","Organic Wheat Flour, Sunflower Oil, Cheddar Cheese (Cultured Milk, Salt, Enzymes, Annatto), Contains 2% or less of: Salt",Snack > Crackers > Baked > Organic,OK,"shared: baked,crackers,snack"
deepseek_kept,1868701,"SUPERFRUIT + GREENS ORGANIC ENERGY BARS, SUPERFRUIT + GREENS","Tapioca Syrup, Rolled Oats, Cashew Butter (Cashews, Sunflower Oil), Crisp Brown Rice+, Dried Cane Syrup, Brown Rice Prot",Snack > Bars > Granola Bars > Organic > Superfruit + Greens,OK,"shared: bars,greens,superfruit"
deepseek_kept,2301687,KOREAN HOT & SPICY GOURMET SAUCE,"Water, Sugar, Hydrolyzed Soy Protein, Dehydrated Red Chili, Salt, Crushed Garlic (Garlic, Citric Acid), Distilled Vinega",Pantry > Sauces & Salsas > Hot Sauce > Gourmet,OK,"shared: gourmet,hot,sauce"
deepseek_kept,2571076,"DR PEPPER CREAM SODA, 16.9 FL OZ, 6 COUNT","Carbonated Water, High Fructose Corn Syrup, 2% or less of: Caramel Color, Natural and Artificial Flavors, Sodium Benzoat",Beverage > Carbonated > Cream Soda,OK,"shared: cream,soda"
deepseek_kept,2500352,WILD CAUGHT RAW SEA SCALLOPS,Scallops.,Meat & Seafood > Seafood > Scallops > Wild Caught > Raw,OK,"shared: caught,raw,scallops,wild"
deepseek_kept,2153814,PREMIUM SMALL RED BEANS,"Small Red Beans, Water, Salt, And Calcium Disodium Edta Added to Promote Color Retention.",Pantry > Canned Vegetables > Beans > Red Beans,OK,"shared: beans,red"
deepseek_kept,2050303,"PIGGLY WIGGLY, RED POP SODA","Carbonated Water, High Fructose Corn Syrup, Citric Acid, Sodium Benzoate (Preservative), Red 40, Artificial Flavor.",Beverage > Carbonated > Red Pop,OK,"shared: pop,red"
deepseek_kept,1874261,ORGANIC LIGHT LEMONADE,"Filtered Water, Organic Sugar, Organic Lemon Juice Concentrate, Organic Flavors, Citric Acid, Natural Flavors, Organic R",Beverage > Lemonade > Light > Organic,OK,"shared: lemonade,light"
deepseek_kept,1913303,"BABY SPRING MIX SWEET, TENDER WHOLE ORGANIC BABY LEAVES","Organic Baby Green Romaine, Organic Baby Green Leaf, Organic Tango, Organic Mizuna, Organic Baby Red Romaine, Organic Ba",Produce > Salad Kits > Spring Mix > Baby > Organic,OK,"shared: baby,mix,spring"
deepseek_kept,2524369,TONIC WATER,"Carbonated Water, High Fructose Corn Syrup, Citric Acid, Natural Flavor, Potassium Benzoate (Preservative), Quinine Hydr",Beverage > Tonic Water > Carbonated,OK,"shared: tonic,water"
deepseek_kept,1906144,"NECTAR, PINEAPPLE & GUAVA","Water, Guava, Pineapple Juice Concentrate, High Fructose Corn Syrup, Corn Syrup, Vitamin C (Vitamin C ) And Red #3.",Beverage > Juice > Nectar > Pineapple & Guava,OK,"shared: guava,nectar,pineapple"
deepseek_kept,2397480,"ENGLISH BREAKFAST BLACK TEA BAG SACHETS, ENGLISH BREAKFAST",Black Tea,Beverage > Tea > Black Tea > Tea Bag,OK,"shared: black,tea"
deepseek_kept,2165224,"CANDY CORN SANDWICH COOKIES WITH CREME FILLING, CANDY CORN","Enriched Wheat Flour (Wheat Flour, Niacin, Iron, Thiamine, Riboflavin, Folic Acid), Vegetable Shortening (Palm Oil, Soyb",Snack > Cookies > Candy Corn,OK,"shared: candy,cookies,corn"
deepseek_kept,1362224,DARK RED KIDNEY BEANS,"Prepared Dark Red Kidney Beans, Water, Sugar, Salt, Calcium Chloride (Firming Agent), Disodium EDTA (For Color Retention",Pantry > Canned Vegetables > Kidney Beans,OK,"shared: beans,kidney"
deepseek_kept,2086504,"CINNAMON PECAN SOFT BAKED BAR, CINNAMON PECAN","Whole Grain Rolled Oats, Soy Crisp Rice (Soy Protein Isolate, Rice Starch), Invert Sugar, Brown Sugar, Oligofructose, Ra",Snack > Bars > Granola Bars > Baked > Soft > Soft Baked,OK,"shared: baked,soft"
deepseek_kept,2667960,"GRAPEFRUIT RAPID HYDRATION SELTZER, GRAPEFRUIT","Carbonated Water, Citric Acid, Grapefruit Flavor Concentrate, Sucralose, Acesulfame K, Electrolytes (Salt, Calcium Chlor",Beverage > Sparkling Water > Grapefruit,OK,shared: grapefruit
deepseek_kept,2627927,"SNICKERDOODLE THE COMPLETE COOKIE, SNICKERDOODLE","Enriched Wheat Flour (Wheat Flour, Niacin, Iron, Thiamine, Riboflavin, Folic Acid), Protein Blend (Vital Wheat Gluten, P",Snack > Cookies > Snickerdoodle,OK,shared: snickerdoodle
deepseek_kept,1908438,"COCOZIA, COCONUT WATER",Organic Coconut Water.,Beverage > Juice > Coconut Water > Plant Based,OK,"shared: coconut,water"
deepseek_kept,1923379,CUT WAX BEANS,"Wax Beans, Water, Salt.",Pantry > Canned Vegetables > Green Beans > Cut,OK,"shared: beans,cut"
deepseek_kept,2635161,"SUGAR HAND DECORATED COOKIE, SUGAR","Wheat Flour, Sugar, Butter, Water, Meringue Making Powder (Egg Whites, Sugar, Cornstarch, Xanthan Gum, Soy Lecithin, Loc",Snack > Cookies > Decorated,OK,shared: decorated
deepseek_kept,2110768,SESAME SEED HAMBURGER BUNS,"Enriched Bleached Flour [Wheat Flour, Malted Barley Flour, Niacin, Iron, Thiamine (Vitamin B1), Riboflavin (Vitamin B2),",Bakery > Buns > Hamburger Buns > Sesame Seed Bun,OK,"shared: buns,hamburger,seed,sesame"
deepseek_kept,1890539,"BLUEBERRY MINI MUFFINS, BLUEBERRY","Sugar, Enriched Bleached Flour (Bleached Wheat Flour, Niacin, Iron, Thiamine, Riboflavin, Folic Acid), Water, Soybean Oi",Bakery > Muffins > Mini,OK,"shared: mini,muffins"
deepseek_kept,2038972,"ALDER SMOKED WILD SALMON CHOWDER, ALDER SMOKED WILD SALMON","Water, Cream, Smoked Salmon (Wild Salmon, Salt, Brown Sugar, Natural Hardwood Smoked), Onions, Potatoes, Corn, Celery, R",Meat & Seafood > Salmon > Smoked,OK,"shared: salmon,smoked"
deepseek_kept,1603670,"SALSA, MILD, PEACH MANGO","Tomatoes, Pineapple, Peaches, Bell Peppers, Mango Puree, Papaya, Guava, Cilantro, Cider Vinegar, Mild Yellow Peppers, Ja",Pantry > Sauces & Salsas > Salsa > Mild,OK,"shared: mild,salsa"
deepseek_kept,2051884,"WHOLE FOODS MARKET, MESCLUN GOAT CHEESE SALAD","Mesclun Lettuce Mix (Baby Lettuces, Baby Spinach, Arugula, Mache, Mizuna), Goat Cheese (Pasteurized Goat Milk, Cultures,",Meal > Salads > Mesclun Goat Cheese Salad,OK,"shared: cheese,goat,mesclun,salad"
deepseek_kept,2620931,"RED JUICE, RED","Pineapple Juice, Beet Juice, Ginger Juice.",Beverage > Juice > Red Juice,OK,"shared: juice,red"
deepseek_kept,1922663,"ROASTED PISTACHIOS, SEA SALT","Pistachios, Sea Salt.",Snack > Nuts > Pistachios > Roasted > Sea Salt,OK,"shared: pistachios,roasted,sea"
deepseek_kept,2616014,"NO PULP 100% ORANGE JUICE, ORANGE","100% Orange Juice from Concentrate (Filtered Water, Concentrated Orange Juice)",Beverage > Juice > Orange Juice,OK,"shared: juice,orange"
deepseek_reverted,2288256,"CASABLANCA GARDENS, TABOULI MEDITERRANEAN SALAD","Durum Wheat Semolina, Parsley, Dehydrated Vegetables (Onion, Garlic), Lemon Powder, Salt, Spearment, Coriander, Canola O",Pantry > Mixes > Tabouli Mix,OK,shared: tabouli
deepseek_reverted,2370498,"THE GINGER PEOPLE, GINGER DRINK WITH LEMON AND HONEY","Filtered Water, Honey, Ginger Juice, Lemon Juice",Beverage > Functional Drinks > Ginger Drink,OK,"shared: drink,ginger"
deepseek_reverted,2603923,"CLASSIC MAPLE PANCAKE A LA CUP, MAPLE","Almond Flour, Oil Powder (High Oleic Sunflower Oil, Inulin, Sodium Caseinate [A Milk Derivative], Sunflower Lecithin, Mi",Pantry > Baking Mixes > Pancake Mix > Grain Free > High Protein,OK,shared: pancake
deepseek_reverted,1929527,LANDJAEGER SNACK STICKS,"Beef, Pork, Salt, Spices, Dextrose, Corn Syrup Solids, Water, Natural Flavoring, Garlic Powder, Sodium Erythorbate, Lact",Snack > Sticks > Meat Snack Sticks,OK,"shared: snack,sticks"
deepseek_reverted,2486817,"CHIK'N PLANT-BASED NUGGETS, CHIK'N","Vegetable Proteins (Water, Wheat Protein, Wheat Flour), Cornflakes (Corn, Sugar, Salt, Barley Malt Extract), Water, Sunf",Meat & Seafood > Poultry > Chicken Nuggets > Plant Based,OK,"shared: based,nuggets,plant"
deepseek_reverted,2281596,"CHERRY MIXED PEACHES, PEARS AND CHERRIES FLAVORED FRUIT IN 100% FRUIT JUICE, CHE","Diced Peaches, Water, Diced Pears, White Grape Juice Concentrate, Cherries (Carmine), Lemon Juice Concentrate, Natural F",Snack > Fruit Snacks > Diced,OK,shared: fruit
deepseek_reverted,2635789,"BUNNY EARS COOKIE HOUSE KIT, BUNNY EARS","Cookie: Enriched Wheat Flour (Wheat Flour, Niacin, Iron, Ascorbic Acid, Thiamine, Riboflavin, Enzyme, Folic Acid), Sugar",Pantry > Baking Mixes > Cookie Mix > Kit,OK,"shared: cookie,kit"
deepseek_reverted,2054810,SPINACH DIP,"Soybean Oil, Spinach, Cream, Skim Milk, Water, Seasoning Blend (MSG, Salt, Dehydrated Onion, Sugar, Dill, Parsley Flakes",Pantry > Canned Vegetables > Spinach,OK,shared: spinach
deepseek_reverted,2433999,"ORGANIC 100% JUICE, TROPICAL TWIST","Filtered Water, Organic Fruit Juice Concentrates (Apple, Orange, Pineapple, Passionfruit and Lemon), Organic Mango Puree",Beverage > Juice > Organic,OK,shared: juice
deepseek_reverted,2509811,"TURKEY GRAVY ORGANIC GOURMET SEASONING MIX, TURKEY GRAVY","Organic Cornstarch, Organic Wheat Flour, Sea Salt, Organic Sugar, Organic Turkey Flavor (Organic Turkey Flavor, Organic ",Pantry > Spices & Seasonings > Seasoning > Organic,OK,shared: seasoning
deepseek_reverted,1894925,"PROTEIN BAR, SALTED CARAMEL","Promax Protein Blend (Soy Protein Isolate, Milk Protein Concentrate, Soy Nuts, Whey Protein Concentrate, Pea Protein Iso",Snack > Candy > Caramel > Salted > Bar > High Protein,OK,"shared: bar,caramel,protein,salted"
deepseek_reverted,1869143,"DRINK MIX, LEMONADE","Sugar, Fructose, Citric Acid (Provides Tartness), Contains less Then 2% of: Sodium Citrate (Citric Acid), Potassium Citr",Pantry > Mixes > Lemonade Mix,OK,"shared: lemonade,mix"
deepseek_reverted,2086885,"OVEN ROASTED CHICKEN WHITE MEAT CHICKEN WITH DICED RED SKIN POTATOES, BROCCOLI A","Red Skin Potatoes, Cooked White Meat Chicken, Water, Broccoli, 2% or less of Marsala Wine, Modified Food Starch, Butter ",Frozen > Single Entrees > Frozen Entree > Diced,OK,shared: diced
deepseek_reverted,2604038,PALEO WITH CAULIFLOWER PASTA BEEF BOLOGNESE,"Beef Bolognese Sauce (Diced Tomato in Puree [Tomatoes, Tomato Puree], Water, Ground Beef, Onion, Tomato Paste [Tomatoes]",Meal > Pasta Dishes,OK,shared: pasta
deepseek_reverted,2582953,MEATLESS CHIPOTLE CUTLETS,"Mycoprotein (55%), Wheat Flour, Canola Oil, Cornstarch, Water, Sugar, Rice Flake, Potato Protein, Contains 2% or less of",Meat & Seafood > Chicken > Meatless,OK,shared: meatless
deepseek_reverted,2070260,"CRACKED BLACK PEPPER DELI TURKEY, CRACKED BLACK PEPPER","Turkey Breast Meat, Water, Salt, Potato Starch, Turbinado Sugar, Rice Starch, Carrageenan (Seaweed), Baking Soda, Cultur",Meat & Seafood > Turkey > Sliced > Low Fat,OK,shared: turkey
deepseek_reverted,1965295,"CRISPY CREPE BISCUITS, MILK CHOCOLATE","Milk Chocolate (Sugar, Cocoa Butter, Whole Milk Powder, Cocoa Paste, Lactose, Soy Lecithin, Vanilla Natural Flavouring),",Snack > Cookies > Crepe > Crispy,OK,"shared: crepe,crispy"
deepseek_reverted,2546480,"SMITHFIELD, HONEY CURED BONELESS HAM STEAK","Cured With: Water, Honey, Dextrose, Contains 2% or less of: Salt, Potassium Lactate, Sodium Phosphates, Sodium Diacetate",Meat & Seafood > Ham > Cured > Boneless,OK,"shared: boneless,cured,ham"
deepseek_reverted,2090732,"PRETZEL MELT SANDWICHES, EGG, BACON & CHEDDAR CHEESE","Wheat Flour (Wheat Flour, Niacin, Iron, Thiamine, Riboflavin, Folic Acid, [May Contain Vitamin c {Ascorbic Acid Added as",Frozen > Breakfast > Breakfast Sandwich > Pretzel,OK,shared: pretzel
deepseek_reverted,2441239,"MIXED WILD BERRIES SORBET, MIXED WILD BERRIES","Water, Wild Berries (Raspberry, Blueberry, Blackberry, Red Currant), Sugar, Invert Sugar, Coconut Oil, Inulin, Dextrose,",Frozen > Ice Cream > Sorbet,OK,shared: sorbet
deepseek_reverted,1943476,"FENTIMANS, TRADITIONAL GINGER BEER","Carbonated Water, Fermented Ginger Root Extracts (Ginger Root, Water, Yeast), Cane Sugar, Glucose Syrup, Flavors (Ginger",Beverage > Beer > Ginger Beer,OK,"shared: beer,ginger"
deepseek_reverted,2418190,ORGANIC HEMP SEED,Hemp Seeds (Raw and Hulled).,Pantry > Grain > Seeds > Hemp Seeds,OK,shared: hemp
deepseek_reverted,2380349,"MEDITERRANEAN ESCAROLE, ENDIVE, RADICCHIO & CABBAGE SHREDDED BROCCOLI, CARROTS &","Vegetable Blend (Escarole, Endive, Broccoli Stalk, Cauliflower Stalk, Radicchio, Carrots, Red Cabbage), Balsamic Vinaigr",Bakery > Flatbread > Chopped,OK,shared: flatbread
deepseek_reverted,2293649,"HOMESTYLE TURKEY GRAVY, HOMESTYLE","Water, Rendered Turkey Fat, Butter (Pasteurized Cream, Salt), Enriched Flour (Bleached Wheat Flour, Malted Barley Flour,",Pantry > Baking Mixes > Turkey Gravy,OK,"shared: gravy,turkey"
deepseek_reverted,2157200,"MADHAVA, AGAVE FIVE DRINK MIX, BLISSFUL BERRY TWIST, BLISSFUL BERRY TWIST","Organic Agave Powder, Mixed Berry Flavor, Citric Acid, Organic Stevia, Fruit and Vegetable Extract (For Color).",Pantry > Mixes > Drink Mix,OK,"shared: drink,mix"
deepseek_reverted,2681983,Larabar Double Dark Chocolate Mini Fruit and Nut Bar,"Ingredients: Dates, Cashews, Unsweetened Chocolate*, Semisweet Chocolate Chips* (Unsweetened Chocolate, Sugar, Cocoa But",Snack > Candy > Chocolate Bars > Mini,OK,"shared: chocolate,mini"
deepseek_reverted,2367984,"CHOCOLATE BROWNIE FLAVOUR PRE-FASTING NUTRITION BARS, CHOCOLATE BROWNIE","Protein Blend (Whey Protein Isolate, Milk Protein Isolate, Micellar Casein). Soluble Tapioca Fiber, Almond Butter, Allul",Snack > Bars > Nutrition Bars > High Protein,OK,"shared: bars,nutrition"
deepseek_reverted,2109458,"HOT & SPICY CANNED MEAT, HOT & SPICY","Pork with Ham, Mechanically Separated Chicken, Water, Salt, Modified Potato Starch, Sugar, Sodium Phosphates, Potassium ",Pantry > Canned Meat,OK,"shared: canned,meat"
deepseek_reverted,2396572,"PEANUT BUTTER COOKIE + KETO, PEANUT BUTTER","Almond Meal, Allulose, Peanut Butter, Butter, Whole Eggs, Coconut Flour, Fermented Oregano and Flaxseed, Coconut Oil, Pe",Snack > Nuts > Peanuts > Keto,OK,shared: keto
deepseek_reverted,2387637,"KOREAN BBQ RECIPE PREMIUM BEEF BRISKET, KOREAN BBQ RECIPE","Beef,Tamari Sauce (Water, Sugar, Soy Beans, Salt), White Sugar, Brown Sugar, Sesame Oil, Honey, Garlic Puree, Granulated",Snack > Jerky > Beef Jerky,OK,shared: beef
deepseek_reverted,1941038,ROAST BEEF GRAVY MIX,"Partially Hydrogenated Soybean and Cottonseed Oils, Maltodextrin, Modified Corn Starch, Enriched Wheat Flour (Wheat Flou",Pantry > Baking Mixes > Gravy Mix,OK,"shared: gravy,mix"
deepseek_reverted,1852907,"WEIS, HOMESTYLE GRAVY, REAL BEEF, REAL BEEF","Beef Stock, Water, Modified Corn Starch, Contains 2% or less of Beef Fat, Wheat Flour, Salt, Cooked Beef, Autolyzed Yeas",Pantry > Gravy,OK,shared: gravy
deepseek_reverted,1919889,PASTA SAUCE,"Tomato Pulp, Tomato Paste, Onion, Basil, Extra Virgin Olive Oil, Salt, Sugar, Garlic.",Pantry > Sauces & Salsas > Pasta Sauce > Extra Virgin,OK,"shared: pasta,sauce"
deepseek_reverted,1051737,"MAPLE PLANT-BASED BREAKFAST PATTIES, MAPLE","Water, Soy Protein Concentrate, Coconut Oil, Isolated Soy Protein, Canola Oil, Maple Syrup, Less than 2% of Spice, Sugar",Snack > Jerky > Plant-Based Jerky,OK,"shared: based,plant"
deepseek_reverted,1926630,"WEIGHT WATCHERS, GIANT ICE CREAM CONES, CHOCOLATE FUDGE SWIRL, CHOCOLATE FUDGE S","Low Fat Ice Cream [Skim Milk, Milk, Sugar, Water, Sweetened Condensed Milk (Condensed Milk, Sugar), Sugar, Corn Syrup, C",Frozen > Ice Cream > Ice Cream Cone > Low Fat,OK,"shared: cream,ice"
deepseek_reverted,2018193,"NATURAL DELIGHTS, SPICED DATE ROLLS, PECAN PUMPKIN PIE, PECAN PUMPKIN PIE","Dates, Pecans, Pumpkin Pie Spice (Cinnamon, Nutmeg, Ginger, Allspice).",Bakery > Rolls > Natural,OK,shared: rolls
deepseek_reverted,718842,"VEGETABLE CHIPS MIX, BEET, CASSAVA, PARSNIP, PLANTAIN, SWEET POTATO","Vegetable Mix (Plantain, Parsnip, Cassava, Sweet Potato, Beet), Non-Hydrogenated, Palm-oil, Salt.",Snack > Chips > Mix,OK,"shared: chips,mix"
deepseek_reverted,1908191,"NUUN, ELECTROLYTE ENHANCED DRINK TABS, TRI-BERRY, TRI-BERRY","Citric Acid, Sorbitol, Baking Soda, Sodium Carbonate, Potassium Bicarbonate, Natural Flavors, Magnesium Sulfate, Sodium ",Pantry > Mixes > Drink Mix,OK,shared: drink
deepseek_reverted,2499219,"LEMON GINGER SUPPORTS IMMUNITY GINGER SHOTS, LEMON GINGER","Lemon Juice*, Ginger Juice*.",Beverage > Wellness Shots,OK,shared: shots
deepseek_reverted,2654677,"ITALIAN MARGHERITA MOZZARELLA, SEASONED TOMATOES AND 100% ITALIAN TOMATO SAUCE R","Soft Wheat Flour, Low-Moisture Part-Skim Mozzarella Cheese (Milk, Salt, Microbial Rennet, Lactic Ferments), Water, Tomat",Meal > Pizza,OK,shared: pizza
deepseek_reverted,2068350,WHITE LIGHTING CHICKEN CHILI,"Water, Chicken Sausage (Chicken,Less than 2% of the Following Salt, Spices (Fennel). Vinegar, Lemon Juice Concentrate, E",Pantry > Chili,OK,shared: chili
deepseek_reverted,1872220,"CORE POWER, HIGH PROTEIN MILK SHAKE, VANILLA, VANILLA","Filtered Lowfat Grade A Milk, Cane Sugar, Honey, Contains less than 1% of Vanilla Extract, Green Tea Extract, Lactase En",Bakery > Bread > High Protein,OK,shared: protein
deepseek_reverted,2140206,"PEANUT BUTTER & POMEGRANATE FLAVOR SANDWICH MINIS FILLED BISCUIT BITES, PEANUT B","Whole Grain Rolled Oats, Whole Grain Oat Flour, Whole Wheat Flour, Soy Protein Crisp, Brown Sugar, Sunflower Oil, Peanut",Snack > Nuts > Peanuts > Mini > Bite Size > Filled,OK,shared: filled
deepseek_reverted,2657760,"WATERMELON VIBES SUGAR FREE GUM, WATERMELON","Xylitol, Gum Base, Sorbitol, Natural and Artificial Flavor, Citric Acid; Less than 2% of: Acacia, Acesulfame K, Aspartam",Snack > Gum > Bubble Gum,OK,shared: gum
deepseek_reverted,1974292,"VERY VANILLA BUTTER, VERY VANILLA","Organic Shredded Coconut, Organic Extra Virgin Coconut Oil, Organic Coconut Syrup, Organic Vanilla, Sea Salt.",Pantry > Spices & Seasonings > Vanilla > Flakes > Organic,OK,shared: vanilla
deepseek_reverted,1871429,"PALERMO'S, HEARTH BAKED CRUST FLATBREAD, SAUSAGE, MUSHROOM, SAUSAGE, MUSHROOM","Crust (Wheat Flour, Water, Olive Oil, Contains 2% or less of the Following: Salt, Yeast), Low Moisture Whole Milk Mozzar",Bakery > Flatbread > Baked,OK,"shared: baked,flatbread"
deepseek_reverted,2148110,"PEANUT BUTTER PROTEIN HEMP COOKIE, PEANUT BUTTER","Ingredients: Unbleached Enriched Wheat Flour (Wheat Flour, Niacin, Iron, Thiamine, Riboflavin, Folic Acid), Palm Margari",Snack > Nuts > Peanuts > High Protein,OK,shared: protein
deepseek_reverted,2061341,"WHOLE FOODS MARKET, MAPLE BOURBON SAUCE","Purple Maple Syrup, Tomato Paste, White Vinegar, Filtered Water, Bourbon Whiskey, Brown Sugar, Apple Cider Vinegar, Mola",Pantry > Sauces & Salsas > Sauce > Whole,OK,"shared: sauce,whole"
deepseek_reverted,2658322,"MOCHA + CHOCOLATE CRISP WAFERS IN MOHA CREME WITH COFFEE BITS + CHOCOLATE DUOS, ","Sugar, Vegetable Oil (Palm Oil, Shea Oil, Sunflower Oil, Palm Kernel Oil, Safflower Oil), Chocolate, Wheat Flour, Skim M",Snack > Cookies > Crisp > Wafers,OK,"shared: crisp,wafers"
deepseek_reverted,2161018,"MOJITO GOURMET COCKTAIL MIX, MOJITO","Water, Sugar, Lime Juice Concentrate, Citric Acid, Natural Flavors, Xanthan Gum, Sodium Benzoate and Potassium Sorbate(P",Beverage > Cocktail Mixers > Cocktail Mix,OK,"shared: cocktail,mix"
deepseek_reverted,1864549,"TONNINO, TUNA FILLETS WITH JALAPENO IN OLIVE OIL","Tuna Fish, Olive Oil (Non-Hydrogenated), Jalapeno, Pepper, Spices, Salt.",Pantry > Oil > Olive Oil,OK,"shared: oil,olive"
deepseek_reverted,2744500,"Silk Pure Almondmilk Unsweetened 6/32oz, Shelf Stable",Almondmilk (Filtered Water; Almonds); Vitamin and Mineral Blend (Calcium Carbonate; Vitamin E Acetate; Vitamin A; Vitami,Beverage > Plant Milk > Almond Milk > Unsweetened,OK,shared: unsweetened
never_touched,1562009,LINGUINE,"Durum Wheat Semolina, Water.",Pantry > Pasta > Linguine,OK,shared: linguine
never_touched,2013323,"WEIS QUALITY, ITALIAN DICED TOMATOES","Tomatoes, Tomato Juice, Sugar, Sea Salt, Calcium Chloride, Basil Leaf, Garlic, Modified Food Starch, Spices, Citric Acid",Pantry > Canned Vegetables > Diced Tomatoes > Diced,OK,"shared: diced,tomatoes"
never_touched,2468688,"UNSALTED BUTTER, UNSALTED","Sweet Cream, Natural Flavoring.",Dairy > Butter > Butter > Unsalted,OK,"shared: butter,unsalted"
never_touched,2473612,"TRIPLE CHEDDAR CHEESE VERMONT SHARP CHEDDAR, WISCONSIN SHARP CHEDDAR & NEW YORK ","Pasteurized Milk, Cheese Culture, Salt, Enzymes, Annatto (Vegetable Color), Anti-Caking Blend (Potato Starch, Cornstarch",Dairy > Cheese > Cheddar > Sharp > Shredded,OK,"shared: cheddar,cheese,sharp,shredded"
never_touched,1916133,"YOGURT PRETZELS, CINNAMON","Yogurt Coating (Sugar, Vegetable Oil [Palm Kernel and/or Palm], Whey Powder, Dry Nonfat Yogurt, Soy Lecithin [Emulsifier",Snack > Pretzels,OK,shared: pretzels
never_touched,2650429,WESSON Corn Oil 64 FL OZ,Corn Oil,Pantry > Oil > Corn Oil,OK,"shared: corn,oil"
never_touched,2658833,"CINNAMON ICE CREAM, CINNAMON","Milkfat and Nonfat Milk, Sugar, Natural Flavor, Cinnamon, Guar Gum, Locust Bean Gum.",Frozen > Ice Cream,OK,"shared: cream,ice"
never_touched,1849898,"DOUBLE RAINBOW, ICE CREAM, DULCE DE LECHE, DULCE DE LECHE","Cream,Milk,Cane Sugar, Caramel Base (Milk, Sugar, Corn Syrup, Cream, Coconut Oil, Pectin,Salt,Natural Flavor, Soy Lecith",Frozen > Ice Cream > Swirl,OK,"shared: cream,ice"
never_touched,1097347,"TECNOSWEET, SPOONITA FLAVORED CANDY, TAMARIND, TAMARIND","Sugar, Corn Syrup, Chili, Citric Acid, Salt, Modified Corn Starch, Xanthan Gum.",Snack > Candy > Hard Candy,OK,shared: candy
never_touched,2067963,SRIRACHA KETCHUP,"Tomato Concentrate, Sugar, Distilled Vinegar, Salt, Less than 2% of Spices, Red Jalapeno Puree, Onion Powder, Natural Fl",Pantry > Sauces & Salsas > Sriracha,OK,shared: sriracha
never_touched,2636438,"PEPPERMINT CANDY CANES, PEPPERMINT","Sugar, Corn Syrup, Peppermint Oil, Red 40, Red 40.",Snack > Candy > Mints > Hard > Candy Canes,OK,"shared: candy,canes"
never_touched,2542188,RAW MANUKA HONEY,Raw Manuka Honey.,Pantry > Sweeteners > Honey,OK,shared: honey
never_touched,358669,"GIANT, SHREDDED PARMESAN CHEESE","Pasteurized Part-Skim Milk, Cheese Cultures, Salt, Enzymes, Powdered Cellulose (To Prevent Caking).",Dairy > Cheese > Parmesan > Shredded,OK,"shared: cheese,parmesan,shredded"
never_touched,535542,PROVOLONE CHEESE WITH SMOKE FLAVOR,"Cultured Pasteurized Reduced Fat Milk, Salt, Enzymes, Smoke Flavor, Vitamin A Palmitate.",Dairy > Cheese > Provolone > Reduced Fat,OK,"shared: cheese,provolone"
never_touched,2034469,"BROWN RICE JAMBALAYA LONG GRAIN BROWN RICE, ONIONS AND BELL PEPPERS WITH TRADITI","Long Grain Parboiled Brown Rice, Onion, Salt, Bell Pepper, Spices (Paprika, Red Pepper), Yeast Extract, Garlic (Soybean,",Pantry > Grain > Brown Rice > Long Grain,OK,"shared: brown,grain,long,rice"
never_touched,770850,CADBURY CHOCOLATE BAR,"Ingredients: Milk**, Sugar, Wheat Flour, Cocoa Butter, Vegetable Fats (Palm Oil, Shea), Cocoa Mass, Butter, Skimmed Milk",Snack > Candy > Chocolate Bars,OK,shared: chocolate
never_touched,2211342,"BLENDED LOWFAT YOGURT, VANILLA","Cultured Pasteurized Grade A Lowfat Milk, Sugar, Corn Syrup, Modified Cornstarch, Kosher Gelatin, Natural Flavors, Citri",Snack > Dried Fruit > Yogurt Raisins,OK,shared: yogurt
never_touched,360616,"WEIS, FRESH SWEET ITALIAN PORK SAUSAGE","Pork, Water, Salt, Salt, Dextrose, Spices (Including Pepper and Fennel), Paprika, Spice Extractives, Extractives of Papr",Meat & Seafood > Sausage > Pork Sausage > Fresh,OK,"shared: pork,sausage"
never_touched,1936474,"APPLE CAKE DONUTS, GLAZED CARAMEL","Enriched Flour (Wheat Flour, Malted Barley Flour, Niacin, Iron, Thiamine, Riboflavin, Folic Acid), Water, Sugar, Palm Oi",Bakery > Doughnuts > Glazed,OK,shared: glazed
never_touched,1378406,"AU JUS GRAVY MIX, AU JUS","Maltodextrin, Hydrolyzed Vegetable Protein (Soy), Salt, Wheat Starch, Sugar, Yeast Extract, Caramel Color, Dextrose, Oni",Pantry > Baking Mixes > Gravy Mix,OK,"shared: gravy,mix"
never_touched,2064203,SWEETENED ULTRA PASTEURIZED WHIPPED TOPPING,"Cream, Water, Sugar, Corn Syrup, Nonfat Milk, Contains less than 2% of: Natural and Artificial Flavor, Mono and Diglycer",Pantry > Dessert Toppings > Whipped Topping,OK,"shared: topping,whipped"
never_touched,2068265,"NONNA ARTEMISIA, PURE OLIVE OIL","Refined Olive Oil, Extra Virgin Olive Oil",Pantry > Oil > Olive Oil > Extra Virgin,OK,"shared: oil,olive"
never_touched,2524179,YEASTY ENRICHED ROLLS,"Enriched Flour (Unbleached Wheat Flour, Malted Barley Flour, Iron, Thiamine [Vitamin B], Riboflavin [Vitamin B2], Niacin",Bakery > Rolls > Roll,OK,shared: rolls
never_touched,2210529,"CORIANDER & ANNATTO A LOW SODIUM SEASONING, CORIANDER & ANNATTO","MSG, Garlic Powder, Cumin, Yellow 5, Tricalcium Phosphate), Coriander, Annatto, Red 40.",Pantry > Spices & Seasonings > Seasoning > Low Sodium,OK,"shared: seasoning,sodium"
never_touched,2189561,"BLACK CHERRY FRUIT ON THE BOTTOM NONFAT GREEK YOGURT, BLACK CHERRY","Cultured Pasteurized Skim Milk, Sugar, Cherries, Cherry Juice Concentrate, Natural Flavors, Pectin, Locust Bean Gum, Veg",Dairy > Yogurt > Greek Yogurt > Nonfat,OK,"shared: greek,nonfat,yogurt"
never_touched,1875889,"ORGANIC SEAWEED SNACKS, WASABI","Organic Seaweed, Organic Sunflower Oil, Wasabi (Glucose, Salt, Wasabi Flavor Powder, Wasabi Powder), Organic Sesame Oil,",Snack > Seaweed Snacks,OK,"shared: seaweed,snacks"
never_touched,2535305,"MOZZARELLA PART SKIM CHEESE, MOZZARELLA","Pasteurized Whole Milk, Skim Milk Cultures, Salt, Vegetable Rennet.",Dairy > Cheese > Mozzarella > Part Skim,OK,"shared: cheese,mozzarella,part,skim"
never_touched,1432570,"PAUL REVERE'S ROCKY RIDE CHOCOLATE ICE CREAM, THICK WINDING ROADS OF CHOCOLATE F","Ingredients: Cream, Milk, Sugar, Fudge Swirl (Sugar, Peanut Oil, Cocoa Processed with Alkali, Whey Powder, Salt, Soy Lec",Frozen > Ice Cream > Swirl,OK,"shared: cream,ice"
never_touched,1870515,"SEA CUISINE, TILAPIA FILLETS, LEMON PICCATA, LEMON PICCATA","Tilapia, Water, Olive Oil, Contains 2% or less of: Brined Capers (Capers, Water, Salt, Vinegar), Dehydrated Garlic, Lemo",Meat & Seafood > Seafood > Tilapia,OK,shared: tilapia
never_touched,2541059,"CARROT FLAVORED CAKE WITH CREAM CHEESE ICING, CARROT WITH CREAM CHEESE ICING","Icing Sugar, Granulated Cane Sugar, Enriched Bleached Wheat Flour (Wheat Flour, Niacin, Iron, Benzoyl Peroxide, Ascorbic",Bakery > Cake,OK,shared: cake
never_touched,2553395,"ORIGINAL HUMMUS, ORIGINAL","Garanzo Beans, Tahini (Ground Sesame), Garlic, Citric Acid, Sea Salt",Pantry > Dips & Spreads > Hummus,OK,shared: hummus
never_touched,1502847,FISH STICKS,"Minced Fish Blend (Pollock, Whiting, Cod, Sole, Tilapia), Water, Enriched Wheat Flour (Flour, Niacin, Iron, Thiamine, Ri",Meat & Seafood > Fish > Fish Sticks,OK,"shared: fish,sticks"
never_touched,2195135,"TANGY STRAWBERRY UNICORNS SPARKLES & LOVE CANDY!, TANGY STRAWBERRY","Dextrose, Malic Acid, Calcium Stearate, Beeswax, HPMC, Carnauba Wax, Natural & Artificial Flavor, Mica Based Pearlescent",Snack > Candy > Hard Candy,OK,shared: candy
never_touched,1876756,"HOT COCOA DRINK MIX, MILK CHOCOLATE","Sugar, Glucose Syrup Solids, Cocoa (Processed with Alkali), Partially Hydrogenated Vegetable Oil (May Contain Coconut, S",Pantry > Mixes > Hot Cocoa Mix,OK,"shared: cocoa,hot,mix"
never_touched,2618663,"MILK CHOCOLATE CANDY, MILK CHOCOLATE",Milk Chocolate [Cane Sugar; Milk; Chocolate; Cocoa Butter; Milk Fat; Lecithin (Soy); Natural Flavor].,Snack > Candy > Chocolate Candy,OK,"shared: candy,chocolate"
never_touched,1930988,"4"""" SALTED CARAMEL CAKE","Sugar, Water, Soybean Oil, Bleached Wheat Flour, Eggs, Nonfat Milk, Corn Syrup, Egg Whites, Interesterified Soybean Oil,",Bakery > Cake,OK,shared: cake
never_touched,1653260,TOASTER PASTRIES,"Enriched Wheat Flour (Flour, Niacin, Iron, Thiamine Hydrochloride, Riboflavin, Folic Acid), Corn Syrup, Sugar, High Fruc",Bakery > Toaster Pastries,OK,"shared: pastries,toaster"
never_touched,2582755,"MIXED FRUIT FRUIT BITES, STRAWBERRY; GRAPE; APPLE; BLUE RASPBERRY; ORANGE; CHERR","Apple Puree and Juice from Concentrate (50%), Corn Syrup, Sugar, Modified Corn Starch, Beef Gelatin, Citric Acid, Vitami",Snack > Fruit Snacks > Bite Size,OK,shared: fruit
never_touched,2170259,MEDITERRANEAN TONIC WATER,"Carbonated Spring Water, Sugar, Citric Acid, Natural Flavorings.",Beverage > Tonic Water,OK,"shared: tonic,water"
never_touched,2561312,"CHOCOLATE PEANUT BUTTER CUP PREMIUM ICE CREAM, CHOCOLATE; PEANUT BUTTER CUP","Milk, Cream, Sugar, Peanut Butter (Peanuts, Soybean Oil, Sugar, Salt), Corn Syrup, Nonfat Milk, Whey, Cocoa Processed wi",Frozen > Ice Cream,OK,"shared: cream,ice"
never_touched,2475918,ULTRA-PASTEURIZED WHOLE MILK,"Milk, Vitamin D3.",Dairy > Milk > Whole Milk > Fortified,OK,"shared: milk,whole"
never_touched,2605562,"CLASSIC CHAI TEA LATTE CONCENTRATE, CLASSIC CHAI TEA LATTE","Brewed Tea (Water, Organic Black Tea, Spice Extracts [Cassia, Ginger, Cardamom, Clove, Anise, Nutmeg, Black Pepper], Nat",Beverage > Tea > Chai,OK,"shared: chai,tea"
never_touched,2594688,REAL MAYO CREAMY & SMOOTH MAYONNAISE,"Soybean Oil, Water, Vinegar, Eggs, Contains less than 2% of Sugar, Salt, Egg Yolks, Natural Flavor (Contains Mustard), L",Pantry > Sauces & Salsas > Mayonnaise > Smooth,OK,"shared: mayonnaise,smooth"
never_touched,1568904,"CHAI, LATTE","Sugar, Hydrogenated Coconut Oil, Maltodextrin, Nonfat Dry Milk, Sweet Whey, Instant Tea, Natural Flavors, Corn Syrup Sol",Beverage > Tea > Chai,OK,shared: chai
never_touched,2494582,"CINNAMON SOFT STICKS SUGAR FREE GUM, CINNAMON","Sorbitol, Gum Base, Xylitol, Maltitol Syrup, Natural and Artificial Flavor; Less than 2% of: Acesulfame K, BHT (Preserva",Snack > Gum > Bubble Gum,OK,shared: gum
never_touched,2176901,"JALAPENO & LIME SPICY CHILI JAM, JALAPENO & LIME","Fresh Jalapeo Chili Peppers, Cane Sugar, Apple Cider Vinegar, Cucumbers, Limes, Lemon Juice, Fruit Pectin",Pantry > Jam,OK,shared: jam
never_touched,1060233,MGO 185+ MANUKA HONEY,Manuka Honey,Pantry > Sweeteners > Honey,OK,shared: honey
never_touched,2211259,"DECORATING ICING, BLACK","Sugar, Vegetable Shortening (Palm Oil, Sunflower and Hydrogenated Cottonseed Oils), Water, Corn Syrup, Contains less tha",Pantry > Baking Decorations > Decorating Icing,OK,"shared: decorating,icing"
never_touched,2639441,"RAINBOW ORANGE, LIME, RASPBERRY SHERBET, RAINBOW","Water, Sugar, High Fructose Corn Syrup, Whey, Corn Syrup, Cream, Contains 2% or less of Orange Juice Concentrate, Oil of",Frozen > Ice Cream > Sherbet,OK,shared: sherbet
never_touched,2674618,"LITE NATURAL BUTTER FLAVOR SYRUP, BUTTER","High Fructose Corn Syrup, Water, Cellulose Gum, Salt, Natural and Artificial Flavor, Caramel Color, Sorbic Acid and Sodi",Pantry > Sweeteners > Syrup,OK,shared: syrup
never_touched,2566670,THE ORIGINAL COFFEE CREAMER,"Corn Syrup Solids, Hydrogenated Vegetable Oil (Coconut and/or Palm Kernel and/or Soybean Oil), Sodium Caseinate (A Milk ",Beverage > Coffee Creamer,OK,"shared: coffee,creamer"
never_touched,2740693,Nature Valley Sweet & Salty Nut Peanut Granola Bars 16 Count,"Roasted Peanuts, Corn Syrup, Whole Grain Oats, Sugar, Rice Flour, Palm Kernel Oil, Vegetable Glycerin, Peanut Butter (Pe",Snack > Bars > Granola Bars,OK,"shared: bars,granola"
never_touched,2103123,EXTRA FANCY PINTO BEAN SEASONING,"Garlic, Onion, Chili Peppers, Salt, Spices and Silicon Dioxide (Free Flow Agent).",Pantry > Canned Vegetables > Pinto Beans,OK,shared: pinto
never_touched,1931660,DRY-CURED PORK SHOULDER,"Pork Shoulder Butt, Salt and less than 2% of the Following: Natural Flavorings, Red Wine, Sugar, Sodium Ascorbate, Sodiu",Meat & Seafood > Pork > Pork Shoulder > Cured,OK,"shared: cured,pork,shoulder"
never_touched,2157431,"MILD ITALIAN SAUSAGE, MILD ITALIAN","Pork, Less than 2% of the Following: Water, Salt, Sugar, Natural Flavors, Extractives of Paprika, Spices (Including Fenn",Meat & Seafood > Sausage > Italian Sausage,OK,"shared: italian,sausage"
never_touched,2118704,BEEF FLAVORED BROTH,"Beef Flavored Stock (Water, Dehydrated Beef Stock, Beef Extract), Contains less than 1% of: Salt, Natural Flavor, Dextro",Pantry > Bouillon & Broth > Stock,OK,shared: broth
never_touched,2625462,"SOUR GUMMI WORMS CANDY, SOUR GUMMI WORMS","Sugar, Corn Syrup, Gelatin, Fumaric Acid, And less than 2% of the Following: Pectin, Citric Acid, Malic Acid, Sorbitol, ",Snack > Candy > Gummy Candy,OK,shared: candy
never_touched,2525595,"CHOCOLATE ALMOND CEREAL WITH SLICED ALMONDS & CHOCOLATE FLAVORED FLAKES, CHOCOLA","Wheat Gluten, Almonds, Wheat Protein Isolate, Pea Protein Concentrate, Corn Flour, Sugar, Cocoa (Processed with Alkali),",Pantry > Cereal,OK,shared: cereal
never_touched,2091594,"JELLY BELLS, CHERRY & LIME","Sugar, Corn Syrup, Modified Food Starch, Natural and Artificial Flavors, Citric Acid, Sodium Citrate, Artificial Colors ",Snack > Candy > Gummy Candy > Jelly,OK,shared: jelly
never_touched,2603273,MARINARA SAUCE,"Italian Whole Peeled Tomatoes, Olive Oil, Onions, Salt, Garlic, Basil, Black Pepper, Oregano",Pantry > Sauces & Salsas > Marinara Sauce,OK,"shared: marinara,sauce"
never_touched,1926983,"HILO CO-CO, PICKLED RADISH WITH CHILI, TAKUWAN-HOT, TAKUWAN-HOT","Radish, Water, Salt, Sugar, Distilled White Vinegar, Chili Pepper, Sodium Benzoate - a Preservative, Artificial Coloring",Pantry > Spices & Seasonings > Pepper > Hot,OK,shared: hot
plu_stub,9900053,GREEN BEANS,,Produce > Vegetables > Green Beans,OK,"shared: beans,green"
plu_stub,9900057,ON THE VINE TOMATOES,,Produce > Vegetables > Tomatoes > On The Vine,OK,"shared: tomatoes,vine"
plu_stub,9900008,PINK LADY APPLES,,Produce > Fruit > Apples > Pink Lady,OK,"shared: apples,lady,pink"
plu_stub,9900017,PEACHES,,Produce > Fruit > Peaches,OK,shared: peaches
plu_stub,9900014,HASS LARGE AVOCADO,,Produce > Vegetables > Avocados > Hass > Large,OK,"shared: hass,large"
plu_stub,9900056,JALAPEÑO PEPPERS,,Produce > Vegetables > Jalapeños,OK,shared: jalape
plu_stub,9900036,VIDALIA ONIONS,,Produce > Vegetables > Onions > Vidalia,OK,"shared: onions,vidalia"
plu_stub,9900030,ENGLISH CUCUMBERS,,Produce > Vegetables > Cucumbers > English,OK,"shared: cucumbers,english"
plu_stub,9900010,LEMONS,,Produce > Fruit > Lemons,OK,shared: lemons
plu_stub,9900029,CUCUMBERS,,Produce > Vegetables > Cucumbers,OK,shared: cucumbers
plu_stub,9900013,HASS MEDIUM AVOCADO,,Produce > Vegetables > Avocados > Hass,OK,shared: hass
plu_stub,9900019,SEEDLESS WATERMELON,,Produce > Fruit > Watermelon > Seedless,OK,"shared: seedless,watermelon"
plu_stub,9900031,EGGPLANT,,Produce > Vegetables > Eggplant,OK,shared: eggplant
plu_stub,9900059,CHERRY TOMATOES,,Produce > Vegetables > Tomatoes > Cherry,OK,"shared: cherry,tomatoes"
plu_stub,9900006,GRANNY SMITH APPLES,,Produce > Fruit > Apples > Granny Smith,OK,"shared: apples,granny,smith"
plu_stub,9900060,GRAPE TOMATOES,,Produce > Vegetables > Tomatoes > Grape,OK,"shared: grape,tomatoes"
plu_stub,9900037,RUSSET POTATOES,,Produce > Vegetables > Potatoes > Russet,OK,"shared: potatoes,russet"
plu_stub,9900058,PLUM TOMATOES,,Produce > Vegetables > Tomatoes > Plum,OK,"shared: plum,tomatoes"
plu_stub,9900005,GALA APPLES,,Produce > Fruit > Apples > Gala,OK,"shared: apples,gala"
plu_stub,9900054,SWEET ON THE COB CORN,,Produce > Vegetables > Corn > Sweet,OK,"shared: corn,sweet"
plu_stub,9900002,BANANAS,,Produce > Fruit > Bananas,OK,shared: bananas
plu_stub,9900007,RED ROME APPLES,,Produce > Fruit > Apples > Rome,OK,"shared: apples,rome"
plu_stub,9900047,KALE,,Produce > Vegetables > Kale,OK,shared: kale
plu_stub,9900012,LIMES,,Produce > Fruit > Limes,OK,shared: limes
plu_stub,9900028,GARLIC,,Produce > Vegetables > Garlic,OK,shared: garlic
plu_stub,9900033,YELLOW ONIONS,,Produce > Vegetables > Onions > Yellow,OK,"shared: onions,yellow"
plu_stub,9900032,ZUCCHINI,,Produce > Vegetables > Zucchini,OK,shared: zucchini
plu_stub,9900015,MANGO,,Produce > Fruit > Mango,OK,shared: mango
plu_stub,9900051,WHITE BUTTON MUSHROOMS,,Produce > Vegetables > Mushrooms > White,OK,"shared: mushrooms,white"
plu_stub,9900055,GINGER ROOT,,Produce > Vegetables > Ginger Root,OK,"shared: ginger,root"
plu_stub,9900045,BEETS,,Produce > Vegetables > Beets,OK,shared: beets
plu_stub,9900003,RED DELICIOUS APPLES,,Produce > Fruit > Apples > Red Delicious,OK,"shared: apples,delicious,red"
plu_stub,9900039,ICEBERG LETTUCE,,Produce > Vegetables > Lettuce > Iceberg,OK,"shared: iceberg,lettuce"
plu_stub,9900048,ASPARAGUS,,Produce > Vegetables > Asparagus,OK,shared: asparagus
plu_stub,9900040,ROMAINE LETTUCE,,Produce > Vegetables > Lettuce > Romaine,OK,"shared: lettuce,romaine"
plu_stub,9900027,GREEN BELL PEPPERS,,Produce > Vegetables > Bell Peppers > Green,OK,"shared: bell,green,peppers"
plu_stub,9900052,BRUSSELS SPROUTS,,Produce > Vegetables > Brussels Sprouts,OK,"shared: brussels,sprouts"
plu_stub,9900016,PINEAPPLE,,Produce > Fruit > Pineapple,OK,shared: pineapple
plu_stub,9900011,LEMONS,,Produce > Fruit > Lemons > Small,OK,shared: lemons
plu_stub,9900035,SWEET ONIONS,,Produce > Vegetables > Onions > Sweet,OK,"shared: onions,sweet"
plu_stub,9900049,CARROTS,,Produce > Vegetables > Carrots,OK,shared: carrots
plu_stub,9900038,SWEET POTATOES,,Produce > Vegetables > Sweet Potatoes,OK,"shared: potatoes,sweet"
plu_stub,9900046,SPINACH,,Produce > Vegetables > Spinach,OK,shared: spinach
plu_stub,9900043,BROCCOLI,,Produce > Vegetables > Broccoli,OK,shared: broccoli
plu_stub,9900018,BARTLETT PEARS,,Produce > Fruit > Pears > Bartlett,OK,"shared: bartlett,pears"
plu_stub,9900042,GREEN CABBAGE,,Produce > Vegetables > Cabbage > Green,OK,"shared: cabbage,green"
plu_stub,9900026,RED BELL PEPPERS,,Produce > Vegetables > Bell Peppers > Red,OK,"shared: bell,peppers,red"
plu_stub,9900022,STRAWBERRIES,,Produce > Fruit > Strawberries,OK,shared: strawberries
plu_stub,9900024,BLUEBERRIES,,Produce > Fruit > Blueberries,OK,shared: blueberries
plu_stub,9900025,RASPBERRIES,,Produce > Fruit > Raspberries,OK,shared: raspberries
plu_stub,9900041,CAULIFLOWER,,Produce > Vegetables > Cauliflower,OK,shared: cauliflower
plu_stub,9900050,BABY CARROTS,,Produce > Vegetables > Carrots > Baby,OK,"shared: baby,carrots"
plu_stub,9900009,NAVEL ORANGES,,Produce > Fruit > Oranges > Navel,OK,"shared: navel,oranges"
plu_stub,9900023,BLACKBERRIES,,Produce > Fruit > Blackberries,OK,shared: blackberries
plu_stub,9900021,SEEDLESS GRAPES,,Produce > Fruit > Grapes > Seedless,OK,"shared: grapes,seedless"
plu_stub,9900034,RED ONIONS,,Produce > Vegetables > Onions > Red,OK,"shared: onions,red"
plu_stub,9900020,CANTALOUPE,,Produce > Fruit > Cantaloupe,OK,shared: cantaloupe
plu_stub,9900004,FUJI APPLES,,Produce > Fruit > Apples > Fuji,OK,"shared: apples,fuji"
plu_stub,9900044,CELERY,,Produce > Vegetables > Celery,OK,shared: celery
