csv_line,recipe_id,recipe_name,concept_key,priced_concept_key,resolution_tier,picked_sku,issue_type,severity,message,expected
7,478938,Sticky Bagels,Pantry > Sweeteners > Sugar > Brown Sugar|C00J000W,Pantry > Sweeteners > Sugar > Brown Sugar|C00J000W,form_only,Madhava Organic Light Blue Agave Nectar,wrong_class,blocker,Brown sugar concept selected liquid sweetener.,brown sugar
14,40465,Heart's Desire Mini Pizzas,Dairy > Cheese > Cheddar|1101000H,Dairy > Cheese > Cheddar|1101000H,exact,"Great Value Sharp Cheddar Cheese Snack, 9 oz Bag, 12 Cheese ",wrong_class,blocker,Cheddar concept selected snack/bite cheese packaging.,standard cheddar block/slice/shred package
26,513007,Carrot Bean Soup,Produce > Vegetables > Baby Carrots|6102000N,Produce > Vegetables > Baby Carrots|6102000N,form_only,Libby's® Peas & Carrots 4-4 oz. Cups,wrong_class,blocker,Fresh baby carrot concept selected canned/mixed carrots.,fresh baby carrots
34,17525,Chili-Cheese Burritos,Dairy > Cheese > Cheddar|1101000H,Dairy > Cheese > Cheddar|1101000H,exact,"Great Value Sharp Cheddar Cheese Snack, 9 oz Bag, 12 Cheese ",wrong_class,blocker,Cheddar concept selected snack/bite cheese packaging.,standard cheddar block/slice/shred package
61,36597,Beans 'n Wiener Biscuit Casserole,Pantry > Sweeteners > Sugar > Brown Sugar|C00J000W,Pantry > Sweeteners > Sugar > Brown Sugar|C00J000W,form_only,Madhava Organic Light Blue Agave Nectar,wrong_class,blocker,Brown sugar concept selected liquid sweetener.,brown sugar
63,36597,Beans 'n Wiener Biscuit Casserole,Dairy > Cheese > Cheddar|1101000H,Dairy > Cheese > Cheddar|1101000H,exact,"Great Value Sharp Cheddar Cheese Snack, 9 oz Bag, 12 Cheese ",wrong_class,blocker,Cheddar concept selected snack/bite cheese packaging.,standard cheddar block/slice/shred package
80,237670,Baked Stuffed Hot Dogs with Cheesy Pork Beans,Pantry > Sweeteners > Sugar > Brown Sugar|C00J000W,Pantry > Sweeteners > Sugar > Brown Sugar|C00J000W,form_only,Madhava Organic Light Blue Agave Nectar,wrong_class,blocker,Brown sugar concept selected liquid sweetener.,brown sugar
81,237670,Baked Stuffed Hot Dogs with Cheesy Pork Beans,Dairy > Cheese > Cheddar|1101000H,Dairy > Cheese > Cheddar|1101000H,exact,"Great Value Sharp Cheddar Cheese Snack, 9 oz Bag, 12 Cheese ",wrong_class,blocker,Cheddar concept selected snack/bite cheese packaging.,standard cheddar block/slice/shred package
101,255782,Canadian Cheese Soup,Produce > Vegetables > Baby Carrots|6102000N,Produce > Vegetables > Baby Carrots|6102000N,form_only,Libby's® Peas & Carrots 4-4 oz. Cups,wrong_class,blocker,Fresh baby carrot concept selected canned/mixed carrots.,fresh baby carrots
109,255782,Canadian Cheese Soup,Dairy > Cheese > Cheddar|1101000H,Dairy > Cheese > Cheddar|1101000H,exact,"Great Value Sharp Cheddar Cheese Snack, 9 oz Bag, 12 Cheese ",wrong_class,blocker,Cheddar concept selected snack/bite cheese packaging.,standard cheddar block/slice/shred package
112,229067,Spicy Hot Dog Bites,Pantry > Sweeteners > Sugar > Brown Sugar|C00J000W,Pantry > Sweeteners > Sugar > Brown Sugar|C00J000W,form_only,Madhava Organic Light Blue Agave Nectar,wrong_class,blocker,Brown sugar concept selected liquid sweetener.,brown sugar
128,403157,Homemade Bagels,Pantry > Oil > Vegetable Oil|B00W600V,Pantry > Oil > Vegetable Oil|B00W600V,exact,Blue Bonnet Vegetable Oil Sticks,wrong_class,blocker,Liquid vegetable oil concept selected margarine/spread sticks.,bottled liquid vegetable oil
135,340732,Donkey Tails,Dairy > Cheese > Cheddar|1101000H,Dairy > Cheese > Cheddar|1101000H,exact,"Great Value Sharp Cheddar Cheese Snack, 9 oz Bag, 12 Cheese ",wrong_class,blocker,Cheddar concept selected snack/bite cheese packaging.,standard cheddar block/slice/shred package
168,203551,Vegetable Cheesy Chowder,Produce > Vegetables > Baby Carrots|6102000N,Produce > Vegetables > Baby Carrots|6102000N,form_only,Libby's® Peas & Carrots 4-4 oz. Cups,wrong_class,blocker,Fresh baby carrot concept selected canned/mixed carrots.,fresh baby carrots
171,203551,Vegetable Cheesy Chowder,Dairy > Cheese > Cheddar|1101000H,Dairy > Cheese > Cheddar|1101000H,exact,"Great Value Sharp Cheddar Cheese Snack, 9 oz Bag, 12 Cheese ",wrong_class,blocker,Cheddar concept selected snack/bite cheese packaging.,standard cheddar block/slice/shred package
182,159640,Chunky Tomato Soup,Pantry > Oil > Vegetable Oil|B00W600V,Pantry > Oil > Vegetable Oil|B00W600V,exact,Blue Bonnet Vegetable Oil Sticks,wrong_class,blocker,Liquid vegetable oil concept selected margarine/spread sticks.,bottled liquid vegetable oil
189,159640,Chunky Tomato Soup,Dairy > Cheese > Cheddar|1101000H,Dairy > Cheese > Cheddar|1101000H,exact,"Great Value Sharp Cheddar Cheese Snack, 9 oz Bag, 12 Cheese ",wrong_class,blocker,Cheddar concept selected snack/bite cheese packaging.,standard cheddar block/slice/shred package
207,343541,Hearty Navy Bean Soup,Produce > Vegetables > Baby Carrots|6102000N,Produce > Vegetables > Baby Carrots|6102000N,form_only,Libby's® Peas & Carrots 4-4 oz. Cups,wrong_class,blocker,Fresh baby carrot concept selected canned/mixed carrots.,fresh baby carrots
214,184865,Hot Dog Casserole,Pantry > Sweeteners > Sugar > Brown Sugar|C00J000W,Pantry > Sweeteners > Sugar > Brown Sugar|C00J000W,form_only,Madhava Organic Light Blue Agave Nectar,wrong_class,blocker,Brown sugar concept selected liquid sweetener.,brown sugar
223,68832,Pineapple Oatmeal,Pantry > Sweeteners > Sugar > Brown Sugar|C00J000W,Pantry > Sweeteners > Sugar > Brown Sugar|C00J000W,form_only,Madhava Organic Light Blue Agave Nectar,wrong_class,blocker,Brown sugar concept selected liquid sweetener.,brown sugar
246,38317,Crock Pot Venison Roast,Produce > Vegetables > Baby Carrots|6102000N,Produce > Vegetables > Baby Carrots|6102000N,form_only,Libby's® Peas & Carrots 4-4 oz. Cups,wrong_class,blocker,Fresh baby carrot concept selected canned/mixed carrots.,fresh baby carrots
254,204152,Crunchy Taco Salad,Dairy > Cheese > Cheddar|1101000H,Dairy > Cheese > Cheddar|1101000H,exact,"Great Value Sharp Cheddar Cheese Snack, 9 oz Bag, 12 Cheese ",wrong_class,blocker,Cheddar concept selected snack/bite cheese packaging.,standard cheddar block/slice/shred package
268,204342,Baked Veggie Quesadillas,Dairy > Cheese > Cheddar|1101000H,Dairy > Cheese > Cheddar|1101000H,exact,"Great Value Sharp Cheddar Cheese Snack, 9 oz Bag, 12 Cheese ",wrong_class,blocker,Cheddar concept selected snack/bite cheese packaging.,standard cheddar block/slice/shred package
292,281445,Creamy Broccoli Cheese Soup,Produce > Vegetables > Baby Carrots|6102000N,Produce > Vegetables > Baby Carrots|6102000N,form_only,Libby's® Peas & Carrots 4-4 oz. Cups,wrong_class,blocker,Fresh baby carrot concept selected canned/mixed carrots.,fresh baby carrots
344,170432,Normaway French Toast,Pantry > Sweeteners > Sugar > Brown Sugar|C00J000W,Pantry > Sweeteners > Sugar > Brown Sugar|C00J000W,form_only,Madhava Organic Light Blue Agave Nectar,wrong_class,blocker,Brown sugar concept selected liquid sweetener.,brown sugar
349,235257,Baked Oatmeal,Pantry > Sweeteners > Sugar > Brown Sugar|C00J000W,Pantry > Sweeteners > Sugar > Brown Sugar|C00J000W,form_only,Madhava Organic Light Blue Agave Nectar,wrong_class,blocker,Brown sugar concept selected liquid sweetener.,brown sugar
368,208401,Crispy Potato and Jalapeño Rolled Tacos,Dairy > Cheese > Cheddar|1101000H,Dairy > Cheese > Cheddar|1101000H,exact,"Great Value Sharp Cheddar Cheese Snack, 9 oz Bag, 12 Cheese ",wrong_class,blocker,Cheddar concept selected snack/bite cheese packaging.,standard cheddar block/slice/shred package
385,311697,Wisconsin Cheese Soup,Produce > Vegetables > Baby Carrots|6102000N,Produce > Vegetables > Baby Carrots|6102000N,form_only,Libby's® Peas & Carrots 4-4 oz. Cups,wrong_class,blocker,Fresh baby carrot concept selected canned/mixed carrots.,fresh baby carrots
391,311697,Wisconsin Cheese Soup,Dairy > Cheese > Cheddar|1101000H,Dairy > Cheese > Cheddar|1101000H,exact,"Great Value Sharp Cheddar Cheese Snack, 9 oz Bag, 12 Cheese ",wrong_class,blocker,Cheddar concept selected snack/bite cheese packaging.,standard cheddar block/slice/shred package
396,265052,Easy Cheesy Bean Burritos (Low-Fat),Dairy > Cheese > Cheddar|1101000H,Dairy > Cheese > Cheddar|1101000H,exact,"Great Value Sharp Cheddar Cheese Snack, 9 oz Bag, 12 Cheese ",wrong_class,blocker,Cheddar concept selected snack/bite cheese packaging.,standard cheddar block/slice/shred package
398,265052,Easy Cheesy Bean Burritos (Low-Fat),Pantry > Oil > Vegetable Oil|B00W600V,Pantry > Oil > Vegetable Oil|B00W600V,exact,Blue Bonnet Vegetable Oil Sticks,wrong_class,blocker,Liquid vegetable oil concept selected margarine/spread sticks.,bottled liquid vegetable oil
416,182898,Black Bean and Cheese Enchiladas,Pantry > Oil > Vegetable Oil|B00W600V,Pantry > Oil > Vegetable Oil|B00W600V,exact,Blue Bonnet Vegetable Oil Sticks,wrong_class,blocker,Liquid vegetable oil concept selected margarine/spread sticks.,bottled liquid vegetable oil
423,182898,Black Bean and Cheese Enchiladas,Dairy > Cheese > Cheddar|1101000H,Dairy > Cheese > Cheddar|1101000H,exact,"Great Value Sharp Cheddar Cheese Snack, 9 oz Bag, 12 Cheese ",wrong_class,blocker,Cheddar concept selected snack/bite cheese packaging.,standard cheddar block/slice/shred package
464,101707,Grilled Onion and Cheese Sandwich with Mayo,Dairy > Cheese > Cheddar|1101000H,Dairy > Cheese > Cheddar|1101000H,exact,"Great Value Sharp Cheddar Cheese Snack, 9 oz Bag, 12 Cheese ",wrong_class,blocker,Cheddar concept selected snack/bite cheese packaging.,standard cheddar block/slice/shred package
484,393990,Classic Buttermilk Pancakes,Pantry > Oil > Vegetable Oil|B00W600V,Pantry > Oil > Vegetable Oil|B00W600V,exact,Blue Bonnet Vegetable Oil Sticks,wrong_class,blocker,Liquid vegetable oil concept selected margarine/spread sticks.,bottled liquid vegetable oil
496,346128,Bean and Cheese Enchiladas,Dairy > Cheese > Cheddar|1101000H,Dairy > Cheese > Cheddar|1101000H,exact,"Great Value Sharp Cheddar Cheese Snack, 9 oz Bag, 12 Cheese ",wrong_class,blocker,Cheddar concept selected snack/bite cheese packaging.,standard cheddar block/slice/shred package
553,319445,Taco and Black Bean Salad,Dairy > Cheese > Cheddar|1101000H,Dairy > Cheese > Cheddar|1101000H,exact,"Great Value Sharp Cheddar Cheese Snack, 9 oz Bag, 12 Cheese ",wrong_class,blocker,Cheddar concept selected snack/bite cheese packaging.,standard cheddar block/slice/shred package
554,319445,Taco and Black Bean Salad,Produce > Vegetables > Avocado|6018000R,Produce > Vegetables > Avocado|6018000R,form_only,"Alafia Grape Leaves, 16 oz",wrong_class,blocker,Avocado concept selected non-avocado product.,fresh or prepared avocado
559,425188,Spicy Eggs Rancheros,Pantry > Oil > Vegetable Oil|B00W600V,Pantry > Oil > Vegetable Oil|B00W600V,exact,Blue Bonnet Vegetable Oil Sticks,wrong_class,blocker,Liquid vegetable oil concept selected margarine/spread sticks.,bottled liquid vegetable oil
563,425188,Spicy Eggs Rancheros,Produce > Vegetables > Avocado|6018000R,Produce > Vegetables > Avocado|6018000R,form_only,"Alafia Grape Leaves, 16 oz",wrong_class,blocker,Avocado concept selected non-avocado product.,fresh or prepared avocado
576,431507,Shrimp Tacos With Spicy Onion Slaw,Produce > Vegetables > Avocado|6018000R,Produce > Vegetables > Avocado|6018000R,form_only,"Alafia Grape Leaves, 16 oz",wrong_class,blocker,Avocado concept selected non-avocado product.,fresh or prepared avocado
586,431507,Shrimp Tacos With Spicy Onion Slaw,Produce > Fruit > Limes|7235000=,Produce > Fruit > Limes|7235000=,path_only,"Ocean Spray® Citrus Splash – Grapefruit, Lemon and Lime 50.7",wrong_class,blocker,Fresh lime concept selected beverage/juice product.,fresh limes
592,107107,Grilled Cheese Surprise Breakfast,Dairy > Cheese > Cheddar|1101000H,Dairy > Cheese > Cheddar|1101000H,exact,"Great Value Sharp Cheddar Cheese Snack, 9 oz Bag, 12 Cheese ",wrong_class,blocker,Cheddar concept selected snack/bite cheese packaging.,standard cheddar block/slice/shred package
595,388009,Homemade Chicken Soup,Produce > Vegetables > Baby Carrots|6102000N,Produce > Vegetables > Baby Carrots|6102000N,form_only,Libby's® Peas & Carrots 4-4 oz. Cups,wrong_class,blocker,Fresh baby carrot concept selected canned/mixed carrots.,fresh baby carrots
624,15780,Quick Mexican Pizza,Dairy > Cheese > Cheddar|1101000H,Dairy > Cheese > Cheddar|1101000H,exact,"Great Value Sharp Cheddar Cheese Snack, 9 oz Bag, 12 Cheese ",wrong_class,blocker,Cheddar concept selected snack/bite cheese packaging.,standard cheddar block/slice/shred package
638,199293,Creamy Baked Potato Soup,Dairy > Cheese > Cheddar|1101000H,Dairy > Cheese > Cheddar|1101000H,exact,"Great Value Sharp Cheddar Cheese Snack, 9 oz Bag, 12 Cheese ",wrong_class,blocker,Cheddar concept selected snack/bite cheese packaging.,standard cheddar block/slice/shred package
645,213721,Myanmar Burritos,Produce > Vegetables > Avocado|6018000R,Produce > Vegetables > Avocado|6018000R,form_only,"Alafia Grape Leaves, 16 oz",wrong_class,blocker,Avocado concept selected non-avocado product.,fresh or prepared avocado
652,213721,Myanmar Burritos,Dairy > Cheese > Cheddar|1101000H,Dairy > Cheese > Cheddar|1101000H,exact,"Great Value Sharp Cheddar Cheese Snack, 9 oz Bag, 12 Cheese ",wrong_class,blocker,Cheddar concept selected snack/bite cheese packaging.,standard cheddar block/slice/shred package
664,480100,Breakfast in a Cup,Dairy > Cheese > Cheddar|1101000H,Dairy > Cheese > Cheddar|1101000H,exact,"Great Value Sharp Cheddar Cheese Snack, 9 oz Bag, 12 Cheese ",wrong_class,blocker,Cheddar concept selected snack/bite cheese packaging.,standard cheddar block/slice/shred package
672,118172,Macaroni and Cheese Soup,Dairy > Cheese > Cheddar|1101000H,Dairy > Cheese > Cheddar|1101000H,exact,"Great Value Sharp Cheddar Cheese Snack, 9 oz Bag, 12 Cheese ",wrong_class,blocker,Cheddar concept selected snack/bite cheese packaging.,standard cheddar block/slice/shred package
705,202709,Chorizo Cilantro Soft Tacos,Dairy > Cheese > Cheddar|1101000H,Dairy > Cheese > Cheddar|1101000H,exact,"Great Value Sharp Cheddar Cheese Snack, 9 oz Bag, 12 Cheese ",wrong_class,blocker,Cheddar concept selected snack/bite cheese packaging.,standard cheddar block/slice/shred package
707,66487,Overnight Baked French Toast,Pantry > Sweeteners > Sugar > Brown Sugar|C00J000W,Pantry > Sweeteners > Sugar > Brown Sugar|C00J000W,form_only,Madhava Organic Light Blue Agave Nectar,wrong_class,blocker,Brown sugar concept selected liquid sweetener.,brown sugar
722,473964,Black Bean Breakfast Burritos,Dairy > Cheese > Cheddar|1101000H,Dairy > Cheese > Cheddar|1101000H,exact,"Great Value Sharp Cheddar Cheese Snack, 9 oz Bag, 12 Cheese ",wrong_class,blocker,Cheddar concept selected snack/bite cheese packaging.,standard cheddar block/slice/shred package
723,473964,Black Bean Breakfast Burritos,Produce > Vegetables > Avocado|6018000R,Produce > Vegetables > Avocado|6018000R,form_only,"Alafia Grape Leaves, 16 oz",wrong_class,blocker,Avocado concept selected non-avocado product.,fresh or prepared avocado
749,416483,Black Bean Quesadillas,Pantry > Oil > Vegetable Oil|B00W600V,Pantry > Oil > Vegetable Oil|B00W600V,exact,Blue Bonnet Vegetable Oil Sticks,wrong_class,blocker,Liquid vegetable oil concept selected margarine/spread sticks.,bottled liquid vegetable oil
762,200495,Not Your Typical Sweet Bread (ABM),Pantry > Sweeteners > Sugar > Brown Sugar|C00J000W,Pantry > Sweeteners > Sugar > Brown Sugar|C00J000W,form_only,Madhava Organic Light Blue Agave Nectar,wrong_class,blocker,Brown sugar concept selected liquid sweetener.,brown sugar
798,290890,Huevos con Burrito,Dairy > Cheese > Cheddar|1101000H,Dairy > Cheese > Cheddar|1101000H,exact,"Great Value Sharp Cheddar Cheese Snack, 9 oz Bag, 12 Cheese ",wrong_class,blocker,Cheddar concept selected snack/bite cheese packaging.,standard cheddar block/slice/shred package
800,290890,Huevos con Burrito,Pantry > Oil > Vegetable Oil|B00W600V,Pantry > Oil > Vegetable Oil|B00W600V,exact,Blue Bonnet Vegetable Oil Sticks,wrong_class,blocker,Liquid vegetable oil concept selected margarine/spread sticks.,bottled liquid vegetable oil
829,331481,Chinese Pancake (Ham and Egg Pancakes with Cheddar,Dairy > Cheese > Cheddar|1101000H,Dairy > Cheese > Cheddar|1101000H,exact,"Great Value Sharp Cheddar Cheese Snack, 9 oz Bag, 12 Cheese ",wrong_class,blocker,Cheddar concept selected snack/bite cheese packaging.,standard cheddar block/slice/shred package
836,323556,Southwest Bean Soup,Produce > Vegetables > Baby Carrots|6102000N,Produce > Vegetables > Baby Carrots|6102000N,form_only,Libby's® Peas & Carrots 4-4 oz. Cups,wrong_class,blocker,Fresh baby carrot concept selected canned/mixed carrots.,fresh baby carrots
903,411196,Creamy Black Bean Blender Soup,Produce > Fruit > Limes|7235000=,Produce > Fruit > Limes|7235000=,path_only,"Ocean Spray® Citrus Splash – Grapefruit, Lemon and Lime 50.7",wrong_class,blocker,Fresh lime concept selected beverage/juice product.,fresh limes
930,278632,Easy Black Bean Burgers,Pantry > Sauces & Salsas > Hot Pepper Sauce|F69N600Z,Pantry > Sauces & Salsas > Hot Pepper Sauce|F69N600Z,form_only,"Knorr Professional Hollandaise Sauce Mix, Shelf Stable, Vege",wrong_class,blocker,Hot pepper sauce concept selected hollandaise sauce mix.,hot pepper sauce
933,278632,Easy Black Bean Burgers,Pantry > Oil > Vegetable Oil|B00W600V,Pantry > Oil > Vegetable Oil|B00W600V,exact,Blue Bonnet Vegetable Oil Sticks,wrong_class,blocker,Liquid vegetable oil concept selected margarine/spread sticks.,bottled liquid vegetable oil
970,296777,Whole Grain Pancakes,Pantry > Oil > Vegetable Oil|B00W600V,Pantry > Oil > Vegetable Oil|B00W600V,exact,Blue Bonnet Vegetable Oil Sticks,wrong_class,blocker,Liquid vegetable oil concept selected margarine/spread sticks.,bottled liquid vegetable oil
1011,275129,Winter Soup,Produce > Vegetables > Baby Carrots|6102000N,Produce > Vegetables > Baby Carrots|6102000N,form_only,Libby's® Peas & Carrots 4-4 oz. Cups,wrong_class,blocker,Fresh baby carrot concept selected canned/mixed carrots.,fresh baby carrots
1026,242536,Easy Veggie Pizza with Cream Cheese Crust,Produce > Vegetables > Baby Carrots|6102000N,Produce > Vegetables > Baby Carrots|6102000N,form_only,Libby's® Peas & Carrots 4-4 oz. Cups,wrong_class,blocker,Fresh baby carrot concept selected canned/mixed carrots.,fresh baby carrots
1030,324316,7-Layer Dip Bagels,Dairy > Cheese > Cheddar|1101000H,Dairy > Cheese > Cheddar|1101000H,exact,"Great Value Sharp Cheddar Cheese Snack, 9 oz Bag, 12 Cheese ",wrong_class,blocker,Cheddar concept selected snack/bite cheese packaging.,standard cheddar block/slice/shred package
1045,48493,Possum's BLT Sandwich,Meat & Seafood > Bacon|24020000,Meat & Seafood > Bacon|24020000,exact,MorningStar Farms® Veggie Breakfast Original Meatless Bacon ,wrong_class,blocker,Bacon concept selected plant-based/meatless bacon.,pork bacon unless recipe asks plant-based
1052,117405,Bacon Corn Pancakes,Dairy > Cheese > Cheddar|1101000H,Dairy > Cheese > Cheddar|1101000H,exact,"Great Value Sharp Cheddar Cheese Snack, 9 oz Bag, 12 Cheese ",wrong_class,blocker,Cheddar concept selected snack/bite cheese packaging.,standard cheddar block/slice/shred package
1095,334359,"Spinach, Caramelized Onion, and Bacon Pizza",Meat & Seafood > Bacon|24020000,Meat & Seafood > Bacon|24020000,exact,MorningStar Farms® Veggie Breakfast Original Meatless Bacon ,wrong_class,blocker,Bacon concept selected plant-based/meatless bacon.,pork bacon unless recipe asks plant-based
1116,365914,Not Your Usual Eggs Benedict,Meat & Seafood > Bacon|24020000,Meat & Seafood > Bacon|24020000,exact,MorningStar Farms® Veggie Breakfast Original Meatless Bacon ,wrong_class,blocker,Bacon concept selected plant-based/meatless bacon.,pork bacon unless recipe asks plant-based
1127,495713,Zucchini-Carrot Whole Wheat Pancakes,Pantry > Sweeteners > Sugar > Brown Sugar|C00J000W,Pantry > Sweeteners > Sugar > Brown Sugar|C00J000W,form_only,Madhava Organic Light Blue Agave Nectar,wrong_class,blocker,Brown sugar concept selected liquid sweetener.,brown sugar
1135,495713,Zucchini-Carrot Whole Wheat Pancakes,Produce > Vegetables > Baby Carrots|6102000N,Produce > Vegetables > Baby Carrots|6102000N,form_only,Libby's® Peas & Carrots 4-4 oz. Cups,wrong_class,blocker,Fresh baby carrot concept selected canned/mixed carrots.,fresh baby carrots
1139,399437,Grilled Bacon-Wrapped Stuffed Hot Dogs,Dairy > Cheese > Cheddar|1101000H,Dairy > Cheese > Cheddar|1101000H,exact,"Great Value Sharp Cheddar Cheese Snack, 9 oz Bag, 12 Cheese ",wrong_class,blocker,Cheddar concept selected snack/bite cheese packaging.,standard cheddar block/slice/shred package
1142,399437,Grilled Bacon-Wrapped Stuffed Hot Dogs,Meat & Seafood > Bacon|24020000,Meat & Seafood > Bacon|24020000,exact,MorningStar Farms® Veggie Breakfast Original Meatless Bacon ,wrong_class,blocker,Bacon concept selected plant-based/meatless bacon.,pork bacon unless recipe asks plant-based
1143,399437,Grilled Bacon-Wrapped Stuffed Hot Dogs,Pantry > Oil > Vegetable Oil|B00W600V,Pantry > Oil > Vegetable Oil|B00W600V,exact,Blue Bonnet Vegetable Oil Sticks,wrong_class,blocker,Liquid vegetable oil concept selected margarine/spread sticks.,bottled liquid vegetable oil
1169,440978,"Bacon, Tomato & Spinach Pizza",Meat & Seafood > Bacon|24020000,Meat & Seafood > Bacon|24020000,exact,MorningStar Farms® Veggie Breakfast Original Meatless Bacon ,wrong_class,blocker,Bacon concept selected plant-based/meatless bacon.,pork bacon unless recipe asks plant-based
1180,512734,Peanut Butter and Vegetable Soup,Produce > Vegetables > Baby Carrots|6102000N,Produce > Vegetables > Baby Carrots|6102000N,form_only,Libby's® Peas & Carrots 4-4 oz. Cups,wrong_class,blocker,Fresh baby carrot concept selected canned/mixed carrots.,fresh baby carrots
1187,463560,Butter Bean Burgers,Dairy > Cheese > Cheddar|1101000H,Dairy > Cheese > Cheddar|1101000H,exact,"Great Value Sharp Cheddar Cheese Snack, 9 oz Bag, 12 Cheese ",wrong_class,blocker,Cheddar concept selected snack/bite cheese packaging.,standard cheddar block/slice/shred package
1200,97291,Traditional Swedish Pancakes,Pantry > Oil > Vegetable Oil|B00W600V,Pantry > Oil > Vegetable Oil|B00W600V,exact,Blue Bonnet Vegetable Oil Sticks,wrong_class,blocker,Liquid vegetable oil concept selected margarine/spread sticks.,bottled liquid vegetable oil
1203,34707,Back to School Chowder,Produce > Vegetables > Baby Carrots|6102000N,Produce > Vegetables > Baby Carrots|6102000N,form_only,Libby's® Peas & Carrots 4-4 oz. Cups,wrong_class,blocker,Fresh baby carrot concept selected canned/mixed carrots.,fresh baby carrots
1211,34707,Back to School Chowder,Dairy > Cheese > Cheddar|1101000H,Dairy > Cheese > Cheddar|1101000H,exact,"Great Value Sharp Cheddar Cheese Snack, 9 oz Bag, 12 Cheese ",wrong_class,blocker,Cheddar concept selected snack/bite cheese packaging.,standard cheddar block/slice/shred package
1212,501766,Buffalo Pierogies,Frozen > Vegetables > Pierogies|6100000C,Frozen > Vegetables > Pierogies|6100000C,form_only,"Great Value Buttery Complete Potatoes, 4 oz, Pouch",wrong_class,blocker,Pierogy concept selected potato mix instead of filled pierogies.,frozen pierogies
1214,501766,Buffalo Pierogies,Pantry > Oil > Vegetable Oil|B00W600V,Pantry > Oil > Vegetable Oil|B00W600V,exact,Blue Bonnet Vegetable Oil Sticks,wrong_class,blocker,Liquid vegetable oil concept selected margarine/spread sticks.,bottled liquid vegetable oil
1215,501766,Buffalo Pierogies,Pantry > Sauces & Salsas > Hot Pepper Sauce|F69N600Z,Pantry > Sauces & Salsas > Hot Pepper Sauce|F69N600Z,form_only,"Knorr Professional Hollandaise Sauce Mix, Shelf Stable, Vege",wrong_class,blocker,Hot pepper sauce concept selected hollandaise sauce mix.,hot pepper sauce
1218,501766,Buffalo Pierogies,Produce > Vegetables > Baby Carrots|6102000N,Produce > Vegetables > Baby Carrots|6102000N,form_only,Libby's® Peas & Carrots 4-4 oz. Cups,wrong_class,blocker,Fresh baby carrot concept selected canned/mixed carrots.,fresh baby carrots
1240,102401,Hot Dogs and Peppers,Pantry > Oil > Vegetable Oil|B00W600V,Pantry > Oil > Vegetable Oil|B00W600V,exact,Blue Bonnet Vegetable Oil Sticks,wrong_class,blocker,Liquid vegetable oil concept selected margarine/spread sticks.,bottled liquid vegetable oil
1259,300972,Mama's Tomato Macaroni Soup,Pantry > Oil > Vegetable Oil|B00W600V,Pantry > Oil > Vegetable Oil|B00W600V,exact,Blue Bonnet Vegetable Oil Sticks,wrong_class,blocker,Liquid vegetable oil concept selected margarine/spread sticks.,bottled liquid vegetable oil
1285,54309,Chunky Apple Pancakes,Pantry > Sweeteners > Sugar > Brown Sugar|C00J000W,Pantry > Sweeteners > Sugar > Brown Sugar|C00J000W,form_only,Madhava Organic Light Blue Agave Nectar,wrong_class,blocker,Brown sugar concept selected liquid sweetener.,brown sugar
1290,54309,Chunky Apple Pancakes,Pantry > Oil > Vegetable Oil|B00W600V,Pantry > Oil > Vegetable Oil|B00W600V,exact,Blue Bonnet Vegetable Oil Sticks,wrong_class,blocker,Liquid vegetable oil concept selected margarine/spread sticks.,bottled liquid vegetable oil
1294,82245,Brown Rice-Lentil Soup with Pork,Pantry > Oil > Vegetable Oil|B00W600V,Pantry > Oil > Vegetable Oil|B00W600V,exact,Blue Bonnet Vegetable Oil Sticks,wrong_class,blocker,Liquid vegetable oil concept selected margarine/spread sticks.,bottled liquid vegetable oil
1299,82245,Brown Rice-Lentil Soup with Pork,Produce > Vegetables > Baby Carrots|6102000N,Produce > Vegetables > Baby Carrots|6102000N,form_only,Libby's® Peas & Carrots 4-4 oz. Cups,wrong_class,blocker,Fresh baby carrot concept selected canned/mixed carrots.,fresh baby carrots
1330,471718,Easy Black Bean Soup,Produce > Vegetables > Baby Carrots|6102000N,Produce > Vegetables > Baby Carrots|6102000N,form_only,Libby's® Peas & Carrots 4-4 oz. Cups,wrong_class,blocker,Fresh baby carrot concept selected canned/mixed carrots.,fresh baby carrots
1360,363485,Creamy Cheddar Vegetable Soup,Produce > Vegetables > Baby Carrots|6102000N,Produce > Vegetables > Baby Carrots|6102000N,form_only,Libby's® Peas & Carrots 4-4 oz. Cups,wrong_class,blocker,Fresh baby carrot concept selected canned/mixed carrots.,fresh baby carrots
1369,363485,Creamy Cheddar Vegetable Soup,Dairy > Cheese > Cheddar|1101000H,Dairy > Cheese > Cheddar|1101000H,exact,"Great Value Sharp Cheddar Cheese Snack, 9 oz Bag, 12 Cheese ",wrong_class,blocker,Cheddar concept selected snack/bite cheese packaging.,standard cheddar block/slice/shred package
1390,368579,Roasted Vegetable Black Bean Soup,Produce > Vegetables > Baby Carrots|6102000N,Produce > Vegetables > Baby Carrots|6102000N,form_only,Libby's® Peas & Carrots 4-4 oz. Cups,wrong_class,blocker,Fresh baby carrot concept selected canned/mixed carrots.,fresh baby carrots
1394,368579,Roasted Vegetable Black Bean Soup,Pantry > Spices & Seasonings > Oregano|E304400U,Pantry > Spices & Seasonings > Oregano|E304400U,form_only,"Soeos Whole Bay Leaves, Dried for Soups, Stews, Braising & S",wrong_class,blocker,Oregano concept selected a different herb/spice.,oregano
1410,403120,Avocado and Spicy Potato Pancakes with Scrambled E,Produce > Vegetables > Avocado|6018000R,Produce > Vegetables > Avocado|6018000R,form_only,"Alafia Grape Leaves, 16 oz",wrong_class,blocker,Avocado concept selected non-avocado product.,fresh or prepared avocado
1416,403120,Avocado and Spicy Potato Pancakes with Scrambled E,Produce > Fruit > Limes|7235000=,Produce > Fruit > Limes|7235000=,path_only,"Ocean Spray® Citrus Splash – Grapefruit, Lemon and Lime 50.7",wrong_class,blocker,Fresh lime concept selected beverage/juice product.,fresh limes
1444,489266,Black Bean and Pepperjack Burgers,Produce > Vegetables > Avocado|6018000R,Produce > Vegetables > Avocado|6018000R,form_only,"Alafia Grape Leaves, 16 oz",wrong_class,blocker,Avocado concept selected non-avocado product.,fresh or prepared avocado
1452,42721,Crock Pot Black Bean Soup (Low Fat),Pantry > Oil > Vegetable Oil|B00W600V,Pantry > Oil > Vegetable Oil|B00W600V,exact,Blue Bonnet Vegetable Oil Sticks,wrong_class,blocker,Liquid vegetable oil concept selected margarine/spread sticks.,bottled liquid vegetable oil
1462,61707,Drake Hogestyn's Salad Pizza,Produce > Vegetables > Avocado|6018000R,Produce > Vegetables > Avocado|6018000R,form_only,"Alafia Grape Leaves, 16 oz",wrong_class,blocker,Avocado concept selected non-avocado product.,fresh or prepared avocado
1471,31390,Tomato and Mozzarella Crepes,Pantry > Oil > Vegetable Oil|B00W600V,Pantry > Oil > Vegetable Oil|B00W600V,exact,Blue Bonnet Vegetable Oil Sticks,wrong_class,blocker,Liquid vegetable oil concept selected margarine/spread sticks.,bottled liquid vegetable oil
1474,31390,Tomato and Mozzarella Crepes,Pantry > Spices & Seasonings > Oregano|E304400U,Pantry > Spices & Seasonings > Oregano|E304400U,form_only,"Soeos Whole Bay Leaves, Dried for Soups, Stews, Braising & S",wrong_class,blocker,Oregano concept selected a different herb/spice.,oregano
1495,279090,Sausage & Mushroom Sandwiches with Caramelized Oni,Pantry > Sweeteners > Sugar > Brown Sugar|C00J000W,Pantry > Sweeteners > Sugar > Brown Sugar|C00J000W,form_only,Madhava Organic Light Blue Agave Nectar,wrong_class,blocker,Brown sugar concept selected liquid sweetener.,brown sugar
1505,259492,Ravioli Soup with Spinach and Tomatoes,Dairy > Cream > Creme Fraiche|116B0001,Dairy > Cream > Creme Fraiche|116B0001,parent_path_only,"McCormick Strawberries & Cream Finishing Sugar, 3.16 oz Bott",wrong_class,blocker,Cream concept selected sugar/decorator product.,cream or creme fraiche
1516,410190,Carrot-Raisin Peanut Butter Sandwiches,Produce > Vegetables > Baby Carrots|6102000N,Produce > Vegetables > Baby Carrots|6102000N,form_only,Libby's® Peas & Carrots 4-4 oz. Cups,wrong_class,blocker,Fresh baby carrot concept selected canned/mixed carrots.,fresh baby carrots
1565,205200,Creamy Black Bean Soup,Produce > Vegetables > Baby Carrots|6102000N,Produce > Vegetables > Baby Carrots|6102000N,form_only,Libby's® Peas & Carrots 4-4 oz. Cups,wrong_class,blocker,Fresh baby carrot concept selected canned/mixed carrots.,fresh baby carrots
1568,205200,Creamy Black Bean Soup,Pantry > Spices & Seasonings > Oregano|E304400U,Pantry > Spices & Seasonings > Oregano|E304400U,form_only,"Soeos Whole Bay Leaves, Dried for Soups, Stews, Braising & S",wrong_class,blocker,Oregano concept selected a different herb/spice.,oregano
1581,490112,"Tomato, Basil and Cheddar Soup",Dairy > Cheese > Cheddar|1101000H,Dairy > Cheese > Cheddar|1101000H,exact,"Great Value Sharp Cheddar Cheese Snack, 9 oz Bag, 12 Cheese ",wrong_class,blocker,Cheddar concept selected snack/bite cheese packaging.,standard cheddar block/slice/shred package
1583,490112,"Tomato, Basil and Cheddar Soup",Pantry > Spices & Seasonings > Oregano|E304000A,Pantry > Spices & Seasonings > Oregano|E304000A,form_only,Simple Truth Organic® Whole Bay Leaves,wrong_class,blocker,Oregano concept selected a different herb/spice.,oregano
1587,48653,Potato Carrot Kugel,Produce > Vegetables > Baby Carrots|6102000N,Produce > Vegetables > Baby Carrots|6102000N,form_only,Libby's® Peas & Carrots 4-4 oz. Cups,wrong_class,blocker,Fresh baby carrot concept selected canned/mixed carrots.,fresh baby carrots
1596,201620,Cheesy Beanburgers,Dairy > Cheese > Cheddar|1101000H,Dairy > Cheese > Cheddar|1101000H,exact,"Great Value Sharp Cheddar Cheese Snack, 9 oz Bag, 12 Cheese ",wrong_class,blocker,Cheddar concept selected snack/bite cheese packaging.,standard cheddar block/slice/shred package
1600,201620,Cheesy Beanburgers,Pantry > Oil > Vegetable Oil|B00W600V,Pantry > Oil > Vegetable Oil|B00W600V,exact,Blue Bonnet Vegetable Oil Sticks,wrong_class,blocker,Liquid vegetable oil concept selected margarine/spread sticks.,bottled liquid vegetable oil
1623,477722,Elsie's Spinach (or 'Burning Weed') Soup,Produce > Vegetables > Baby Carrots|6102000N,Produce > Vegetables > Baby Carrots|6102000N,form_only,Libby's® Peas & Carrots 4-4 oz. Cups,wrong_class,blocker,Fresh baby carrot concept selected canned/mixed carrots.,fresh baby carrots
1653,180951,Easy Eggless Pancakes (Vegan Option),Pantry > Oil > Vegetable Oil|B00W600V,Pantry > Oil > Vegetable Oil|B00W600V,exact,Blue Bonnet Vegetable Oil Sticks,wrong_class,blocker,Liquid vegetable oil concept selected margarine/spread sticks.,bottled liquid vegetable oil
1698,156443,Avocado and Lime Soup,Produce > Vegetables > Avocado|6018000R,Produce > Vegetables > Avocado|6018000R,form_only,"Alafia Grape Leaves, 16 oz",wrong_class,blocker,Avocado concept selected non-avocado product.,fresh or prepared avocado
1702,156443,Avocado and Lime Soup,Produce > Fruit > Limes|7235000=,Produce > Fruit > Limes|7235000=,path_only,"Ocean Spray® Citrus Splash – Grapefruit, Lemon and Lime 50.7",wrong_class,blocker,Fresh lime concept selected beverage/juice product.,fresh limes
1726,320210,Bean and Cheese Quesadillas,Produce > Vegetables > Avocado|6018000R,Produce > Vegetables > Avocado|6018000R,form_only,"Alafia Grape Leaves, 16 oz",wrong_class,blocker,Avocado concept selected non-avocado product.,fresh or prepared avocado
1740,461578,Chili Spaghetti With Hot Dogs,Dairy > Cheese > Cheddar|1101000H,Dairy > Cheese > Cheddar|1101000H,exact,"Great Value Sharp Cheddar Cheese Snack, 9 oz Bag, 12 Cheese ",wrong_class,blocker,Cheddar concept selected snack/bite cheese packaging.,standard cheddar block/slice/shred package
1760,462164,Breakfast Tacos,Dairy > Cheese > Cheddar|1101000H,Dairy > Cheese > Cheddar|1101000H,exact,"Great Value Sharp Cheddar Cheese Snack, 9 oz Bag, 12 Cheese ",wrong_class,blocker,Cheddar concept selected snack/bite cheese packaging.,standard cheddar block/slice/shred package
1767,203297,Cheesy Crab Burritos,Dairy > Cheese > Cheddar|1101000H,Dairy > Cheese > Cheddar|1101000H,exact,"Great Value Sharp Cheddar Cheese Snack, 9 oz Bag, 12 Cheese ",wrong_class,blocker,Cheddar concept selected snack/bite cheese packaging.,standard cheddar block/slice/shred package
1782,262143,Creamy Garlic Spinach Soup,Produce > Vegetables > Baby Carrots|6102000N,Produce > Vegetables > Baby Carrots|6102000N,form_only,Libby's® Peas & Carrots 4-4 oz. Cups,wrong_class,blocker,Fresh baby carrot concept selected canned/mixed carrots.,fresh baby carrots
1791,178971,Black Bean and Avocado Tacos,Produce > Vegetables > Avocado|6018000R,Produce > Vegetables > Avocado|6018000R,form_only,"Alafia Grape Leaves, 16 oz",wrong_class,blocker,Avocado concept selected non-avocado product.,fresh or prepared avocado
1808,62490,Bananas Foster Raspberry French Toast,Pantry > Sweeteners > Sugar > Brown Sugar|C00J000W,Pantry > Sweeteners > Sugar > Brown Sugar|C00J000W,form_only,Madhava Organic Light Blue Agave Nectar,wrong_class,blocker,Brown sugar concept selected liquid sweetener.,brown sugar
1851,99028,"Banana Pancakes, Wayan's Recipe",Frozen > Ice Cream|1510600=,Frozen > Ice Cream|1510600=,exact,"Great Value Jumbo Ice Cream Cups, 2.75 oz, 12 Count",wrong_class,blocker,Frozen ice cream concept selected dry ice-cream cups/cones.,actual frozen ice cream
1853,471649,Andrea Spadoni's Deluxe Grilled Cheese,Dairy > Cheese > Cheddar|1101000H,Dairy > Cheese > Cheddar|1101000H,exact,"Great Value Sharp Cheddar Cheese Snack, 9 oz Bag, 12 Cheese ",wrong_class,blocker,Cheddar concept selected snack/bite cheese packaging.,standard cheddar block/slice/shred package
1864,161183,Taco Avocado Wraps,Produce > Vegetables > Avocado|6018000R,Produce > Vegetables > Avocado|6018000R,form_only,"Alafia Grape Leaves, 16 oz",wrong_class,blocker,Avocado concept selected non-avocado product.,fresh or prepared avocado
1882,71469,Benihana-Style Fried Rice,Produce > Vegetables > Baby Carrots|6102000N,Produce > Vegetables > Baby Carrots|6102000N,form_only,Libby's® Peas & Carrots 4-4 oz. Cups,wrong_class,blocker,Fresh baby carrot concept selected canned/mixed carrots.,fresh baby carrots
1904,208049,Pinto Bean Tacos,Pantry > Spices & Seasonings > Oregano|E304400U,Pantry > Spices & Seasonings > Oregano|E304400U,form_only,"Soeos Whole Bay Leaves, Dried for Soups, Stews, Braising & S",wrong_class,blocker,Oregano concept selected a different herb/spice.,oregano
1907,208049,Pinto Bean Tacos,Produce > Vegetables > Avocado|6018000R,Produce > Vegetables > Avocado|6018000R,form_only,"Alafia Grape Leaves, 16 oz",wrong_class,blocker,Avocado concept selected non-avocado product.,fresh or prepared avocado
1910,208049,Pinto Bean Tacos,Dairy > Cheese > Cheddar|1101000H,Dairy > Cheese > Cheddar|1101000H,exact,"Great Value Sharp Cheddar Cheese Snack, 9 oz Bag, 12 Cheese ",wrong_class,blocker,Cheddar concept selected snack/bite cheese packaging.,standard cheddar block/slice/shred package
1914,362144,Best Pancakes You Will Ever Make!,Pantry > Sweeteners > Sugar > Brown Sugar|C00J000W,Pantry > Sweeteners > Sugar > Brown Sugar|C00J000W,form_only,Madhava Organic Light Blue Agave Nectar,wrong_class,blocker,Brown sugar concept selected liquid sweetener.,brown sugar
1931,445002,Low Carb Chicken & Black Bean Soup,Dairy > Cheese > Cheddar|1101000H,Dairy > Cheese > Cheddar|1101000H,exact,"Great Value Sharp Cheddar Cheese Snack, 9 oz Bag, 12 Cheese ",wrong_class,blocker,Cheddar concept selected snack/bite cheese packaging.,standard cheddar block/slice/shred package
1944,106729,Banana Bomb Bread,Pantry > Sweeteners > Sugar > Brown Sugar|C00J000W,Pantry > Sweeteners > Sugar > Brown Sugar|C00J000W,form_only,Madhava Organic Light Blue Agave Nectar,wrong_class,blocker,Brown sugar concept selected liquid sweetener.,brown sugar
1953,184956,Ultimate Low Fat Chicken Quesadillas,Dairy > Cheese > Cheddar|1101000H,Dairy > Cheese > Cheddar|1101000H,exact,"Great Value Sharp Cheddar Cheese Snack, 9 oz Bag, 12 Cheese ",wrong_class,blocker,Cheddar concept selected snack/bite cheese packaging.,standard cheddar block/slice/shred package
1954,356873,WW 2 Pt. Pasta and Cauliflower Soup,Produce > Vegetables > Baby Carrots|6102000N,Produce > Vegetables > Baby Carrots|6102000N,form_only,Libby's® Peas & Carrots 4-4 oz. Cups,wrong_class,blocker,Fresh baby carrot concept selected canned/mixed carrots.,fresh baby carrots
1962,191166,Butterscotch Pancakes,Pantry > Sweeteners > Sugar > Brown Sugar|C00J000W,Pantry > Sweeteners > Sugar > Brown Sugar|C00J000W,form_only,Madhava Organic Light Blue Agave Nectar,wrong_class,blocker,Brown sugar concept selected liquid sweetener.,brown sugar
1963,191166,Butterscotch Pancakes,Dairy > Cream|130D6002,Dairy > Cream|130D6002,path_only,"McCormick Strawberries & Cream Finishing Sugar, 3.16 oz Bott",wrong_class,blocker,Cream concept selected sugar/decorator product.,cream or creme fraiche
