rank,token1,token2,frequency,axis_token1,axis_token2,sample_titles
1,semi,sweet,446,,STOPWORD,SEMI-SWEET CHOCOLATE BAKED INTO FUDGE BROWNIE PERFECTION WITH SWEET PINK AND WHITE FROSTIN || SEMI-SWEET CHOCOLATE BAKED INTO FUDGE BROWNIE PERFECTION WITH BLACK AND ORANGE FROSTING AN
2,flamin,hot,425,,STOPWORD,"CHICKEN BREAST FRIES, FLAMIN' HOT || BREADED CHICKEN WING SECTIONS FLAMIN' HOT WINGS"
3,atlantic,salmon,321,,CATEGORY,ATLANTIC SALMON TSUNAMI BURRITO || ATLANTIC SALMON FRITTATA
4,harris,teeter,305,,,"HARRIS TEETER, BAKED BEANS, MAPLE , BACON || HARRIS TEETER, HOME STYLE BAKED BEANS"
5,steam,in,299,,STOPWORD,"SEASONED GARBANZO BEAN, LENTIL & TOMATO ORGANIC STEAM IN BAG BLEND, SEASONED GARBANZO BEAN || STEAM-IN-BAG CLASSIC VEGETABLES CUT GREEN BEANS"
6,penne,rigate,289,DISH_TYPE,,"RUSTICHELLA D'ABRUZZO, PENNE RIGATE PASTA, ITALIAN MACARONI PRODUCT || BRONZE DIE ORGANIC PENNE RIGATE PASTA"
7,birds,eye,282,,,"Birds Eye Skillets Garlic Butter Green Beans, Frozen Vegetable, 11 oz. Bag || Birds Eye Steamfresh Cut Green Beans, Frozen Vegetables, 10 oz. Bag"
8,simmer,sauce,275,,FORM,"KOREAN INSPIRED BEEF FRESH CABBAGE, BABY SPINACH & CARROTS, BROWN RICE, SEASONED BEEF, AND || PUNJABI STYLE BUTTER CHICKEN COOKING SAUCE FOR CHICKEN WITH CREAM AND BUTTER, INFUSED WITH"
9,snyder,of,273,,STOPWORD,"SNYDER'S OF HANOVER, SALSA CON QUESO, MEDIUM, MEDIUM || SNYDER OF BERLIN, POP CORN, CHEESE, CHEESE"
10,whipping,cream,267,,COLOR,"ABDALLAH, WHIPPING CREAM TRUFFLE, RASPBERRY, RASPBERRY || PLANT CREAM HEAVY WHIPPING CREAM ALTERNATIVE"
11,tri,color,265,,,"TRI-COLOR ORGANIC KIDNEY, PINTO, BLACK BEANS, TRI-COLOR || TRI-COLOR ORGANIC KIDNEY, PINTO, BLACK BEANS, TRI-COLOR"
12,of,hanover,265,STOPWORD,,"SNYDER'S OF HANOVER, SALSA CON QUESO, MEDIUM, MEDIUM || SNYDER'S OF HANOVER, POTATO CHIPS, KOSHER DILL, KOSHER DILL"
13,rising,crust,264,,STOPWORD,"PHILLY STEAK SLICED STEAK, CARAMELIZED ONION, GREEN PEPPER, MOZZARELLA, PROVOLONE, CHEESE  || BACON JALAPENO RISING CRUST PIZZA, BACON JALAPENO"
14,stone,ground,257,,PREPARATION_STATE,ENRICHED STONE GROUND SELF-RISING WHITE CORN MEAL MIX || STONE GROUND CORNBREAD MIX AND CORNMEAL MUFFIN MIX
15,pork,rinds,256,CATEGORY,,"SANCOCHO CHICHARRONES LARGE PORK RINDS, SANCOCHO || OVEN BAKED PORK RINDS, CILANTRO LIME"
16,pulled,pork,252,,CATEGORY,"PULLED PORK BAR || PULLED PORK JERKY, SMOKE"
17,crinkle,cut,250,,CUT,"CINNAMON UNIQUELY CRINKLE CUT ORGANIC RED APPLE CHIPS, CINNAMON || SALTED CRINKLE CUT BANANA CHIPS, SALTED"
18,cage,free,248,,STOPWORD,"GRIDDLE PANCAKE BREAKFAST PLANT BASED SAUSAGE WITH CAGE FREE EGGS AND VEGAN CHEESE SAUCE T || CAGE-FREE SCRAMBLED EGGS, POTATOES, AND CHEDDAR CHEESE NOW COME WITH A SIDE OF OUR DELICIO"
19,movie,theater,246,,,"Gushers Valentines Movie Theater Box Fruit Flavored Snacks || RED BARN, MOVIE THEATER POPPED CORN, BUTTER, BUTTER"
20,manzanilla,olives,244,,CATEGORY,"SARDINES IN EXTRA VIRGIN OLIVE OIL WITH SLICED SPANISH MANZANILLA OLIVES, EXTRA VIRGIN OLI || SARDINES IN EXTRA VIRGIN OLIVE OIL WITH SLICED SPANISH MANZANILLA OLIVES, EXTRA VIRGIN OLI"
21,yogurt,alternative,241,FORM,,"APPLE CINNAMON FLAVORED 25% LESS SUGAR ALMONDMILK YOGURT ALTERNATIVE, APPLE CINNAMON || VANILLA ALMONDMILK YOGURT ALTERNATIVE, VANILLA"
22,giant,eagle,233,STOPWORD,,"GIANT EAGLE, RED DELICIOUS APPLES || GIANT EAGLE, SLICED BACON"
23,corned,beef,233,,CATEGORY,"LIBBYS Corned Beef With Onion, 12 OZ || LIBBYS Corned Beef With Chili, 12 OZ"
24,dipping,sauce,231,,FORM,"PANCAKE BREAKFAST PORK AND TURKEY & A MAPLE FLAVORED DIPPING SAUCE FULLY COOKED SAUSAGE LI || 5-CHEESE MOZZARELLA, RICOTTA, PROVOLONE, PARMESAN & ROMANO CHEESES STUFFED IN A GOLDEN CRU"
25,pork,skins,229,CATEGORY,,"PORK SKINS CHICHARRONES, CHORIZO SEASONING || CHILI & LIME PLANTAIN AND PORK SKINS WITH CASSAVA CHIPS PARTY MIX, CHILI & LIME"
26,sports,drink,226,,STOPWORD,"STRAWBERRY BANANA SPORTS DRINK, STRAWBERRY; BANANA || STRAWBERRY BANANA SPORTS DRINK, STRAWBERRY; BANANA"
27,raw,unfiltered,224,PREPARATION_STATE,,"BLACK GUM TUPELO HOLLY BLEND RAW & UNFILTERED HONEY, BLACK GUM TUPELO HOLLY BLEND || ACTIVATED CHARCOAL WITH RAW & UNFILTERED APPLE CIDER VINEGAR, APPLE CIDER"
28,green,chilies,223,COLOR,,"FRESH FROZEN BAJA ROASTED CORN, CORN, BLACK BEANS, RED PEPPERS, GREEN PEPPERS, ROASTED ONI || MEDIUM MEXICAN COWBOY PINTO BEANS SLOW SIMMERED WITH TOMATO, GREEN CHILIES AND SPICES, MED"
29,new,orleans,221,STOPWORD,,"NEW ORLEANS STYLE SAUCED RED BEANS WITH PEPPERS, ONIONS & CREOLE SEASONING, NEW ORLEANS ST || NEW ORLEANS STYLE SAUCED RED BEANS WITH PEPPERS, ONIONS & CREOLE SEASONING, NEW ORLEANS ST"
30,theater,butter,220,,FORM,"ORVILLE MOVIE THEATER BUTTER POP UP BOWL || ACT II Movie Theater Butter, 16.5 OZ"
31,caramel,macchiato,218,FORM,,"CARAMEL MACCHIATO FLAVORED ALMOND MILK CHILLED ESPRESSO BEVERAGE, CARAMEL MACCHIATO || CARAMEL MACCHIATO FLAVORED ALMOND MILK CHILLED ESPRESSO BEVERAGE, CARAMEL MACCHIATO"
32,de,leche,218,STOPWORD,,"DULCE DE LECHE CAKE FLAVORED TREAT DESSERT BARS, DULCE DE LECHE CAKE || DULCE DE LECHE CAKE FLAVORED TREAT DESSERT BARS, DULCE DE LECHE CAKE"
33,dragon,fruit,216,,FLAVOR_UNIVERSAL,"SUN MIX BANANA, PINEAPPLE, DRAGON FRUIT, SUN MIX || EXOTICS GUMMIES, LEMON STAR FRUIT, MANDARIN ORANGE, ASIAN PEAR, FUJI APPLE, RASPBERRY DRAG"
34,sugar,snap,214,SWEETENER,,"LIGHTLY SAUCED HEALTHY WEIGHT SLICED CARROTS, SUGAR SNAP PEAS, BLACK BEANS AND EDAMAME LIG || HEALTHY WEIGHT CARROTS, SUGAR SNAP PEAS, BLACK BEANS & EDAMAME, HEALTHY WEIGHT"
35,dulce,de,213,,STOPWORD,"DULCE DE LECHE CAKE FLAVORED TREAT DESSERT BARS, DULCE DE LECHE CAKE || DULCE DE LECHE CAKE FLAVORED TREAT DESSERT BARS, DULCE DE LECHE CAKE"
36,granulated,sugar,213,,SWEETENER,"GOLDEN PURE CANE GRANULATED SUGAR, GOLDEN || ORGANIC VERMONT MAPLE GRANULATED SUGAR, MAPLE"
37,heavy,whipping,211,STORAGE,,PLANT CREAM HEAVY WHIPPING CREAM ALTERNATIVE || DAIRY FREE HEAVY WHIPPING CREAM ALTERNATIVE
38,el,paso,208,STOPWORD,,Old El Paso Mini Flour Tortilla Bowl Mexican Dinner Kit || Old El Paso Bold Nacho Cheese Shell & Soft Tortilla Taco Dinner Kit
39,snap,peas,203,,CATEGORY,"LIGHTLY SAUCED HEALTHY WEIGHT SLICED CARROTS, SUGAR SNAP PEAS, BLACK BEANS AND EDAMAME LIG || HEALTHY WEIGHT CARROTS, SUGAR SNAP PEAS, BLACK BEANS & EDAMAME, HEALTHY WEIGHT"
40,candy,dispenser,203,FORM,,"GALERIE, CANDY DISPENSER FILLED WITH CANDY PIECES || CANDY DISPENSER FILLED WITH CANDY PIECES"
41,sockeye,salmon,202,,CATEGORY,"SMOKED SOCKEYE SALMON SPREAD, SMOKED SOCKEYE SALMON || SMOKED SOCKEYE SALMON SPREAD, SMOKED SOCKEYE SALMON"
42,pad,thai,201,,CUISINE,"FRESH CARROT NOODLE PAD THAI BOWL, CRUNCHY, SWEET AND SAVORY! || CHICKEN PAD THAI KIT"
43,meal,replacement,198,FORM,,"BANANAS & CREAM FLAVORED ADVANCED NUTRITION MEAL REPLACEMENT SHAKE, BANANAS & CREAM || CHOCOLATEY CRISPY COOKIE DOUGH FLAVORED BAKE SHOP MEAL REPLACEMENT BARS, CHOCOLATEY CRISPY"
44,ghost,pepper,198,,BRAND_NOISE,"WILD CHERRY GHOST PEPPER HARD CANDY, WILD CHERRY || GHOST PEPPER KETCHUP"
45,egg,whites,195,FORM,,"DARK CHOCOLATE SEA SALT 3 EGG WHITES FRUITS AND NUTS BAR, DARK CHOCOLATE SEA SALT || DARK CHOCOLATE SEA SALT 3 EGG WHITES FRUITS AND NUTS PROTEIN BAR, DARK CHOCOLATE"
46,artificially,flavored,193,,FLAVOR_UNIVERSAL,"TEXAS STYLE ARTIFICIALLY FLAVORED BISCUITS, BUTTERMILK || TREAT SHOP DOUBLE LAYERED ARTIFICIALLY FLAVORED VANILLA CAKE, ICED WITH NATURALLY AND ARTI"
47,self,rising,192,STOPWORD,,ENRICHED STONE GROUND SELF-RISING WHITE CORN MEAL MIX || BONICI Readi Rise  Self-Rising Pizza Dough 12 Inch
48,lowes,foods,189,,STOPWORD,"LOWES FOODS, ORIGINAL APPLESAUCE || LOWES FOODS, NATURAL UNSWEETENED APPLESAUCE"
49,stewed,tomatoes,189,,CATEGORY,"HUNTS Stewed Tomatoes No Salt Added, 14.5 OZ || HUNTS Stewed Tomatoes, 14.5 OZ"
50,steel,cut,188,,CUT,"STEEL CUT OATS & HONEY HEALTHFULL BREAD, STEEL CUT OATS & HONEY || STEEL CUT OATS & HONEY HEALTHFULL BREAD, STEEL CUT OATS & HONEY"
51,non,alcoholic,186,STOPWORD,,"IRISH CREAM NON-ALCOHOLIC LOAF CAKE, IRISH CREAM || ORIGINAL IRISH CREAM NON-ALCOHOLIC CHOCOLATE TRUFFLES, ORIGINAL IRISH CREAM"
52,wavy,potato,186,,CATEGORY,"BUFFALO BLUE CHEESE FLAVORED WAVY POTATO CHIPS, BUFFALO BLUE CHEESE || ORIGINAL FLAVOR WAVY POTATO CHIPS, ORIGINAL"
53,de,gallo,183,STOPWORD,,"BRISKET DIP WITH CHEESE, PICO DE GALLO, & BEEF BRISKET, BRISKET || Lay's Pico de Gallo Potato Chips 2.875 Ounces"
54,conversation,hearts,183,,FORM,"CONVERSATION HEARTS ICED BROWNIES || CLASSIC CONVERSATION HEARTS, CLASSIC"
55,cape,cod,181,,CATEGORY,"FRESHLY FROZEN CAPE COD STYLE VEGETABLES WITH CARROTS, CORN & LIMA BEANS, CAPE COD STYLE || FRESHLY FROZEN CAPE COD STYLE VEGETABLES WITH CARROTS, CORN & LIMA BEANS, CAPE COD STYLE"
56,deep,dish,178,STOPWORD,,"Pillsbury All Vegetable Deep Dish Pie Crusts 2 Count || BROOKSHIRE'S, DEEP DISH PIE CRUSTS"
57,queso,fresco,177,FORM,,"RICED CAULIFLOWER BURRITO BLEND WITH QUESO FRESCO, RICED CAULIFLOWER BURRITO WITH QUESO FR || RICED CAULIFLOWER BURRITO BLEND WITH QUESO FRESCO, RICED CAULIFLOWER BURRITO WITH QUESO FR"
58,popping,corn,177,,CATEGORY,"EXTRA CHEESE GOURMET POPPING CORN, EXTRA CHEESE || HOT AIR CHAUD GOURMET POPPING CORN, HOT AIR CHAUD"
59,cascadian,farm,176,,STOPWORD,Cascadian Farm Organic Black Beans || Cascadian Farm Organic Multi-Colored Carrots
60,water,chestnuts,173,CATEGORY,,"CREAMY SPINACH DIP WITH SOUR CREAM AND WATER CHESTNUTS, CREAMY || SPINACH, MAYONNAISE, SOUR CREAM, WATER CHESTNUTS, ONIONS, & GREEN ONIONS DIP, SPINACH"
61,pico,de,172,,STOPWORD,"BRISKET DIP WITH CHEESE, PICO DE GALLO, & BEEF BRISKET, BRISKET || Lay's Pico de Gallo Potato Chips 2.875 Ounces"
62,general,tso,170,,,GENERAL TSO BEEF WITH SEASONED COOKED BEEF IN A SPICY SAUCE WITH WHITE RICE AND FIRE ROAST || GENERAL TSO BEEF WITH SEASONED COOKED BEEF IN A SPICY SAUCE WITH WHITE RICE AND FIRE ROAST
63,unfiltered,honey,167,,SWEETENER,"BLACK GUM TUPELO HOLLY BLEND RAW & UNFILTERED HONEY, BLACK GUM TUPELO HOLLY BLEND || RAW UNFILTERED HONEY"
64,yerba,mate,165,,,"YERBA MATE || SUAVE BLEND MILD YERBA MATE TEA, HERBAL COFFEE ALTERNATIVE"
65,cheez,it,164,,,"CHEEZ-IT SNAP'D CHEESY BAKED SNACKS, 0.75 OZ, 20 COUNT, CHEDDAR; SOUR CREAM; ONION; CHEESE || CHEEZ-IT, GROOVES, CRISPY CRACKER CHIPS, SHARP WHITE CHEDDAR"
66,touch,of,163,,STOPWORD,"TOUCH OF HONEY APPLE SAUCE, TOUCH OF HONEY || TOUCH OF HONEY APPLE SAUCE, TOUCH OF HONEY"
67,pine,nuts,162,,FORM,"CHICKEN PESTO FLATBREAD WITH CHERRY TOMATOES, ARUGULA, AND PINE NUTS MEAL KIT, CHICKEN PES || SAVORY SHORTBREAD, SUN-DRIED TOMATO & PINE NUTS"
68,decorating,kit,161,,DISH_TYPE,CUPCAKE DECORATING KIT || CUPCAKE DECORATING KIT
69,everyday,value,160,,,"365 EVERYDAY VALUE, GRANNY SMITH APPLE SLICES || 365 EVERYDAY VALUE, ORGANIC, BLACK BEANS"
70,gold,emblem,156,BRAND_NOISE,,"GOLD EMBLEM, DRIED MEDITERRANEAN APRICOTS || GOLD EMBLEM, BAKING SODA"
71,tail,off,156,CUT,,"SHRIMP SCAMPI SUCCULENT TAIL-OFF SHRIMP IN AN AUTHENTIC BLEND OF REAL BUTTER, GARLIC AND S || POPCORN BREADED TAIL-OFF SHRIMP, POPCORN"
72,street,corn,154,,CATEGORY,"CHICKEN & ROASTED STREET CORN GRAIN FREE TORTILLA FILLED WITH PLANT BASED CHICKEN, ROASTED || CHICKEN & ROASTED STREET CORN GRAIN FREE TORTILLA FILLED WITH PLANT BASED CHICKEN, ROASTED"
73,marie,callenders,153,,,"MARIE CALLENDERS Mongolian Style Dinner, 13 OZ || MARIE CALLENDERS Double Chocolate Cake, 5.8 OZ"
74,sour,neon,152,STOPWORD,,"SOUR NEON WORMS FLAVORED CHEWY CANDY, SOUR NEON WORMS || SOUR NEON WORMS FLAVORED CHEWY CANDY, SOUR NEON WORMS"
75,kalamata,olives,149,,CATEGORY,"BREADSTICKS WITH KALAMATA OLIVES & OAT GRAINS || MEDITERRANEAN CHEDDAR WITH SUN DRIED TOMATOES, KALAMATA OLIVES, AND SPICES WISCONSIN CHEES"
76,monk,fruit,149,,FLAVOR_UNIVERSAL,"PUMPKIN SPICE MONK FRUIT ORGANIC ZERO-CALORIE LIQUID SWEETENER, PUMPKIN SPICE MONK FRUIT || PUMPKIN SPICE MONK FRUIT ORGANIC ZERO-CALORIE LIQUID SWEETENER, PUMPKIN SPICE MONK FRUIT"
77,starlight,mints,149,,BRAND_NOISE,"STARLIGHT MINTS CANDY || STARLIGHT MINTS CANDIES, STARLIGHT MINTS"
78,strawberry,rhubarb,148,CATEGORY,,"APPLE STRAWBERRY RHUBARB ORGANIC HAPPY IMMUNEZ, APPLE STRAWBERRY RHUBARB || APPLE STRAWBERRY RHUBARB ORGANIC HAPPY IMMUNEZ, APPLE STRAWBERRY RHUBARB"
79,donut,holes,148,FORM,,"BLUEBERRY OLD FASHION DONUT HOLES, BLUEBERRY || BLUEBERRY CAKE DONUT HOLES"
80,wish,bone,148,,CUT,"WISH-BONE, E.V.O.O. DRESSING, LEMON HERB, LEMON HERB || WISH-BONE, SPICY CAESAR DRESSING"
81,orange,blossom,146,CATEGORY,,"ROUNDY'S, CREME CAKE, ORANGE BLOSSOM, ORANGE BLOSSOM || ROUNDY'S, CREME CAKE, ORANGE BLOSSOM, ORANGE BLOSSOM"
82,meyer,lemon,145,,CATEGORY,"MEYER LEMON GLUTEN FREE BAR MIX, MEYER LEMON || MEYER LEMON GLUTEN FREE BAR MIX, MEYER LEMON"
83,european,style,145,,STOPWORD,"EUROPEAN STYLE FRENCH BAGUETTE ARTISAN RUSTIC, EUROPEAN STYLE FRENCH BAGUETTE || EUROPEAN STYLE FRENCH BAGUETTE ARTISAN RUSTIC, EUROPEAN STYLE FRENCH BAGUETTE"
84,crisped,rice,145,,CATEGORY,"CREAMY WITH CRISPED RICE MILK CHOCOLATE || CRISPED RICE CHOCOLATE CLUSTERS, CHOCOLATE"
85,cheese,curds,145,FORM,,"BACON RANCH CHEESE CURDS CELLAR, BACON RANCH || CHEESE CELLAR BACON SWEET BOURBON CHIPOTLE CHEESE CURDS, CHEESE CELLAR"
86,cup,pods,145,COMBO_FORMAT,,DARK ITALIAN ROAST ARABICA COFFEE K-CUP PODS || THE ORIGINAL DECAF MEDIUM ROAST COFFEE K-CUP PODS
87,cheese,curls,144,FORM,,"CRUNCHY CHEESE CURLS || PARTY FLAVORED WITH CORN CHIPS FRIED CHEESE CURLS, NACHO CHEESE FLAVORED TORTILLA CHIPS, P"
88,pitted,prunes,144,CUT,,"PITTED PRUNES, LEMON ESSENCE || Kroger Pitted Prunes Dried Plums 16oz Reclosable Canister"
89,gas,flushed,143,,,Apple Cider Cured Smoked Sliced Bacon Gas Flushed - Single Sliced - Layout || Hardwood Smoked Sugar Cured Buffet Bacon-Layered-Gas Flushed 10/14 15#
90,hash,browns,143,DISH_TYPE,,"BREAKFAST BAKES, STEAK, EGG & CHEESE HASH BROWNS || CHEESY SCRAMBLE WITH HASH BROWNS SCRAMBLED EGGS WITH CHEDDAR, MONTEREY JACK AND REDUCED FA"
91,keto,friendly,142,DIET,,"DARK CHOCOLATE NUT ENTREE KETO FRIENDLY BAR, DARK CHOCOLATE || PEANUT BUTTER ALMOND KETO FRIENDLY CHEWY BAR, PEANUT BUTTER ALMOND"
92,sour,patch,142,STOPWORD,,"SOUR PATCH, SOFT & CHEWY CANDY, SOUR APPLE, SOUR APPLE || SOUR PATCH SOFT CANDY FRUIT FAT FREE1X10 OZ"
93,ounce,paper,140,STOPWORD,,Quaker Yellow Cornmeal 24 Ounce Paper Canister || Aunt Jemima Buttermilk Corn Meal Mix 32 Ounce Paper Bag
94,madagascar,vanilla,140,,FLAVOR_UNIVERSAL,"HAZELNUTS & ALMONDS WITH MADAGASCAR VANILLA & A SPRINKLE OF SEA SALT, DIPPED IN DARK CHOCO || HAZELNUTS & ALMONDS WITH MADAGASCAR VANILLA & A SPRINKLE OF SEA SALT, DIPPED IN DARK CHOCO"
95,chick,peas,139,,CATEGORY,CHICK PEAS || CHICK PEAS IN SAUCE
96,devil,food,139,,STOPWORD,"DEVIL'S FOOD JUMBO HONEY BUN, DEVIL'S FOOD || DEVIL'S FOOD JUMBO HONEY BUN, DEVIL'S FOOD"
97,wood,fired,139,,PREPARATION_STATE,"BRIE CHEESE & BALSAMIC GLAZE WOOD-FIRED CRUST FLATBREAD WITH AN ITALIAN CHEESE SAUCE ON A  || PAISANO ARTISAN PESTO, SOPPRESSATA SALAMI, CALABRESE PEPPERS, SAUCE, MOZZARELLA CHEESE, IT"
98,wide,egg,138,,FORM,WIDE EGG NOODLES NOODLE PRODUCT || WIDE EGG NOODLES
99,kansas,city,137,CUISINE,,"KANSAS CITY STYLE BACON & BROWN SUGAR BBQ BAKED BEANS, KANSAS CITY STYLE BACON & BROWN SUG || KANSAS CITY STYLE BACON & BROWN SUGAR BBQ BAKED BEANS, KANSAS CITY STYLE BACON & BROWN SUG"
100,winco,foods,136,,STOPWORD,"WINCO FOODS, BAKING SODA || WINCO FOODS, INSTANT PUDDING & PIE FILLING, BANANA CREAM, BANANA CREAM"
101,clover,valley,135,,BRAND_NOISE,"CLOVER VALLEY, APPLESAUCE, STRAWBERRY || CLOVER VALLEY, APPLE SAUCE, APPLE, APPLE"
102,it,crackers,133,,FORM,Sunshine Cheez-It Crackers Sharp White Cheddar 3.25oz || Kellogg's Cheez It Crackers Grooves Sharp White Cheddar 17oz
103,clover,honey,131,,SWEETENER,"HONEY SPOONS CANDY MADE WITH REAL CLOVER HONEY, CLOVER HONEY || HONEY SPOONS CANDY MADE WITH REAL CLOVER HONEY, CLOVER HONEY"
104,st,louis,130,,,"CARAMEL APPLE ST. LOUIS BUTTER CAKE, CARAMEL APPLE || HOT BBQ FLAVORED ST. LOUIS STYLE WAVY POTATO CHIPS, HOT BBQ"
105,parmigiano,reggiano,130,,,"SPECIALTY, PARMIGIANO REGGIANO SHREDDED CHEESE, PARMIGIANO REGGIANO || SPECIALTY, PARMIGIANO REGGIANO SHREDDED CHEESE, PARMIGIANO REGGIANO"
106,saltine,crackers,129,,FORM,"BIG WIN, SALTED TOPS CRACKERS, SALTINE CRACKERS || ORIGINAL SALTINE CRACKERS"
107,pineapple,tidbits,128,CATEGORY,,"COCONUT GRANOLA TOPPING + PINEAPPLE TIDBITS IN SAUCE + COCONUT PUDDING PROTEIN PARFAIT, CO || MEXICAN STYLE PULLED PORK WITH PINEAPPLE SEASONED PULLED PORK WITH A CHIPOTLE-BASED SAUCE,"
108,blackeye,peas,125,,CATEGORY,"BLACKEYE PEAS WITH BACON, BLACKEYE WITH BACON || BLACKEYE PEAS FLAVORED WITH SLAB BACON, BLACKEYE PEAS"
109,paper,box,125,,STOPWORD,Quaker Select Starts Weight Control Banana Bread (8 - 1.58 Ounce) 12.64 Ounce 8 Pack Paper || Aunt Jemima Complete Buttermilk Pancake & Waffle Mix 32 Ounce Paper Box
110,russell,stover,125,,,"RUSSELL STOVER, BROWNIE HERAT || RUSSELL STOVER, CHOCOLATE WEDDING CAKE EGG CANDY"
111,arabica,coffee,125,,FORM,"MEDIUM ROAST BIRTHDAY CAKE UNSWEETENED COLD BREW 100% ARABICA COFFEE CONCENTRATE, BIRTHDAY || 70% CACAO DARK CHOCOLATE WITH ARABICA COFFEE, ARABICA COFFEE"
112,pecorino,romano,124,,CUISINE,"GLUTEN FREE SEASONED WITH PECORINO ROMANO CHEESE  CRUMBS || SEASONED GLUTEN FREE ITALIAN STYLE CRUMBS WITH PECORINO ROMANO CHEESE, SEASONED"
113,malted,milk,124,,FORM,"MALTED MILK CHOCOLATE CUPCAKE + FROSTING MIX || GINGERBREAD MALTED MILK BALLS, GINGERBREAD"
114,cracker,cuts,124,FORM,,"JALAPENO CHEDDAR CRACKER CUTS CHEESE, JALAPENO CHEDDAR || MARBLED SHARP CHEDDAR CHEESE CRACKER CUTS, MARBLED SHARP"
115,gourmet,popping,124,STOPWORD,,"EXTRA CHEESE GOURMET POPPING CORN, EXTRA CHEESE || HOT AIR CHAUD GOURMET POPPING CORN, HOT AIR CHAUD"
116,oz,carton,123,STOPWORD,,"Pacific Foods Organic Unsweetened Almond Milk, Plant Based Milk, 32 oz Carton || Pacific Foods Organic Unsweetened Vanilla Almond Milk, Plant Based Milk, 32 oz Carton"
117,rotisserie,seasoned,123,,PREPARATION_STATE,"ORIGINAL ROTISSERIE SLOW SMOKED, DRIED & SEASONED CHICKEN STRIP BAR, ORIGINAL ROTISSERIE S || ORIGINAL ROTISSERIE SEASONED CHICKEN STRIP SLOW SMOKED, DRIED & SEASONED CHICKEN BAR, ORIG"
118,manuka,honey,123,,SWEETENER,"HONEY CINNAMON SUPERGRAIN+ IMMUNITY BAR WITH TURMERIC & MANUKA HONEY, HONEY CINNAMON || GINGER DARK CHOCOLATE NEW ZEALAND MANUKA HONEY, GINGER"
119,crispety,crunchety,123,,,"ASSORTED CANDY, CREAMY MILK CHOCOLATE WITH CRISPED RICE, DRY ROASTED PEANUTS, RICH CARAMEL || CRISPETY, CRUNCHETY, PEANUT-BUTTERY BAR, PEANUT BUTTER"
120,crunchety,peanut,123,,CATEGORY,"ASSORTED CANDY, CREAMY MILK CHOCOLATE WITH CRISPED RICE, DRY ROASTED PEANUTS, RICH CARAMEL || CRISPETY, CRUNCHETY, PEANUT-BUTTERY BAR, PEANUT BUTTER"
121,slivered,almonds,123,,CATEGORY,"MOROCCAN SPICE ROLLED OATMEAL WITH GOLDEN RAISINS, DRIED APPLES, SLIVERED ALMONDS, CINNAMO || ROASTED TURKEY & VEGETABLES TURKEY TENDERLOINS & GRAVY, GREEN BEANS WITH CRANBERRIES & SLI"
122,shrimp,scampi,122,CATEGORY,,"SHRIMP SCAMPI WITH PASTA SHRIMP AND PASTA IN A CREAMY LEMON BUTTER SAUCE, SHRIMP SCAMPI WI || SHRIMP SCAMPI WITH PASTA SHRIMP AND PASTA IN A CREAMY LEMON BUTTER SAUCE, SHRIMP SCAMPI WI"
123,sun,maid,121,PREPARATION_STATE,,Sun-Maid Cinnamon Apple Bits & Raisins 18 oz Reasealable Standup Bag || Sun-Maid Mediterranean Pitted Dried Apricot 15oz Resealable Canister
124,take,bake,121,,PREPARATION_STATE,"HY-VEE, TAKE & BAKE ARTISAN, ASIAGO GARLIC || DEMI BAGUETTE TAKE & BAKE BREAD"
125,minced,pimiento,120,CUT,,STUFFED OLIVES MINCED PIMIENTO || SPANISH GREEN OLIVES STUFFED WITH MINCED PIMIENTO
126,pringles,crisps,119,,FORM,Pringles Crisps Screaming Dill 5.5oz || Pringles Crisps Snack Stacks Sour Cream & Onion .74oz
127,pretzel,rods,118,FORM,,"CARIBOU COFFEE, PRETZEL RODS DIPPED IN MILK CHOCOLATE AND WHITE CONFECTIONER'S COATING || CHOCOLATE & CARAMEL COVERED PRETZEL RODS, CHOCOLATE & CARAMEL"
128,chile,limon,118,CATEGORY,,"CHILE LIMON CHICKEN, CHILE LIMON || CHILE LIMON CHICKEN, CHILE LIMON"
129,with,crisped,117,STOPWORD,,"CREAMY WITH CRISPED RICE MILK CHOCOLATE || CREAMY MILK CHOCOLATE WITH CRISPED RICE NESTEGGS, CREAMY MILK"
130,lemon,meringue,116,CATEGORY,,"NUTRITION BAR, LEMON MERINGUE CRUNCH || LEMON MERINGUE PROTEIN ENERGY BARS, LEMON MERINGUE"
131,kung,pao,116,,,"KUNG PAO CHICKEN TENDER CHICKEN BREAST STRIPS PAIRED WITH A SOY-FREE KUNG PAO SAUCE, KUNG  || KUNG PAO CHICKEN TENDER CHICKEN BREAST STRIPS PAIRED WITH A SOY-FREE KUNG PAO SAUCE, KUNG "
132,swiss,miss,116,CUISINE,,"Angie's BOOMCHICKAPOP Swiss Miss Hot Chocolate Marshmallow Flavored Kettle Corn, 4.5 oz. || SWISS MISS French Vanilla Envelopes, 6 OZ"
133,decorating,icing,116,,FORM,GREEN DECORATING ICING || WHITE DECORATING ICING
134,chef,boyardee,115,STOPWORD,,"CHEF BOYARDEE Microwaveable Mini Beef, 14.25 OZ || CHEF BOYARDEE Chicken Alfredo Pasta, 15 OZ"
135,meat,lovers,115,CATEGORY,,"Life Cuisine Frozen Meal Meat Lovers Zoodles Bowl, Carb Wise Microwave Meal, Carb Consciou || CARB WISE MEAT LOVERS ZOODLES BOWL"
136,dried,apricots,114,STORAGE,,"MIXED FRUIT DRIED APRICOTS, PLUMS, PEACHES AND APPLES, MIXED FRUIT || CALIFORNIA DRIED APRICOTS, CALIFORNIA"
137,valued,naturals,114,STOPWORD,,"VALUED NATURALS, BANANA CHIPS || VALUED NATURALS, CARAMEL CREAMS"
138,louis,style,114,,STOPWORD,"HOT BBQ FLAVORED ST. LOUIS STYLE WAVY POTATO CHIPS, HOT BBQ || CHOCOLATE CHIP ST. LOUIS STYLE GOURMET FROZEN PIZZA COOKIES, CHOCOLATE CHIP"
139,cherry,sours,113,CATEGORY,,"KING HENRY'S, CHERRY SOURS || CIRCLE K, FAVORITES, CHEWY FRUITY CANDY, CHERRY SOURS, CHERRY SOURS"
140,chewing,gum,113,,FORM,"PEPPERMINT FLAVORED SUGAR FREE CHEWING GUM, PEPPERMINT || PEPPERMINT FLAVORED SUGAR FREE CHEWING GUM, PEPPERMINT"
141,san,marzano,113,,,"VODKA SAN MARZANO BLEND REAL CREAM """"HEIRLOOM PASTA SAUCE"""", VODKA || GARLIC, OLIVE OIL & BASIL SAN MARZANO STYLE WHOLE PEELED TOMATOES, GARLIC, OLIVE OIL & BAS"
142,wild,alaskan,112,DIET,,"LEMON ZEST + HERB WILD ALASKAN SALMON JERKY, LEMON ZEST + HERB || RAINBOW PEPPERCORN WILD ALASKAN SALMON JERKY, RAINBOW PEPPERCORN"
143,pimento,cheese,111,,FORM,JALAPENO PIMENTO CHEESE || JALAPENO PIMENTO CHEESE
144,lo,mein,111,,,"CHICKEN AUTHENTIC LO MEIN NOODLES TOSSED WITH SEASONED CHICKEN BREAST, VEGETABLES AND SAUC || CHICKEN AUTHENTIC LO MEIN NOODLES TOSSED WITH SEASONED CHICKEN BREAST, VEGETABLES AND SAUC"
145,creme,brulee,110,CATEGORY,,"ASSORTED TRUFFLES, CHOCOLATE LAVA CAKE TRUFFLE, STRAWBERRY CHEESE CAKE TRUFFLE & CREME BRU || DESSERT ASSORTED TRUFFLES, CHOCOLATE LAVA CAKE, STRAWBERRY CHEESECAKE & CREME BRULEE TRUFF"
146,zee,zees,109,,,"Zee Zees Applesauce Cup, Wild Watermelon, 4.5 oz. || Zee Zees Applesauce Cup, Wild Watermelon, 4.5 oz."
147,cocktail,mixer,109,FORM,,"APPLE CINNAMON SLEIGH BELL COCKTAIL MIXER, APPLE CINNAMON || SPICED APPLE HARVEST APPLE COCKTAIL MIXER WITH CINNAMON, SPICED APPLE WITH CINNAMON"
148,kellogg,cheez,109,STOPWORD,,Kellogg's Cheez It Crackers Grooves Sharp White Cheddar 17oz || Kellogg's Cheez It Crackers Duoz Sharp Cheddar/Parmesan 4.3oz
149,pimiento,stuffed,109,,PREPARATION_STATE,"PIMIENTO STUFFED QUEEN OLIVES, PIMIENTO || PIMIENTO STUFFED MANZANILLA OLIVES"
150,johnvince,foods,107,,STOPWORD,"JOHNVINCE FOODS, TURKISH APRICOTS || JOHNVINCE FOODS, ORGANIC BANANA CHIPS"
151,bar,que,106,FORM,,"BAR-B-QUE JACKFRUIT, BAR-B-QUE || BAR-B-QUE JACKFRUIT, BAR-B-QUE"
152,port,wine,106,,CATEGORY,"GOOSE PATE WITH PORT WINE || COLD PACK CHEESE FOOD, PORT WINE"
153,wildflower,honey,106,,SWEETENER,"MONEY ON HONEY CHOCOLATES, WILDFLOWER HONEY CARAMELS || MILK CHOCOLATE FRENCH SEA SALT WILDFLOWER HONEY CARAMEL, MILK CHOCOLATE FRENCH SEA SALT"
154,sprinkle,mix,106,,FORM,"SPRINKLE MIX RASPBERRY FILLED COOKIES, RASPBERRY || STRANGER THINGS SURFER BOY PIZZA COOKIE KIT - COOKIE MIX, SPRINKLE MIX, GUMMY CANDY, RED I"
155,stuffed,manzanilla,106,PREPARATION_STATE,,"PIMIENTO STUFFED MANZANILLA OLIVES || PIMIENTO STUFFED MANZANILLA OLIVES, PIMIENTO STUFFED"
156,crescent,rolls,106,,STOPWORD,CRESCENT ROLLS || CRESCENT ROLLS
157,skin,on,105,,STOPWORD,"SWEET PERSIMMON, TART APPLE & TANGY PEACH ORCHARD BLEND SKIN-ON SUPERFRUIT SNACK, SWEET PE || Tyson All Natural* Uncooked Unbreaded Boneless Chicken Thighs, Skin On, 4.75 oz."
158,essential,everyday,105,,,"ESSENTIAL EVERYDAY, APPLE PIE FILLING OR TOPPING || ESSENTIAL EVERYDAY, NATURALLY HARDWOOD SMOKED BACON"
159,gold,medal,105,BRAND_NOISE,,Gold Medal All Trumps Pizza Dough Ball 18 Count || Gold Medal All Trumps Pizza Dough Ball 48 Count
160,with,other,105,STOPWORD,,"GARLIC & CHEESE WITH OTHER NATURAL FLAVORS BISCUITS || SPARTAN, GRANULATED BOUILLON, CHICKEN FLAVOR WITH OTHER NATURAL FLAVORS, CHICKEN FLAVOR WI"
161,iceberg,lettuce,105,,CATEGORY,"ICEBERG LETTUCE, CARROTS & RED CABBAGE CLASSIC GARDEN || GARDEN BLEND ICEBERG LETTUCE, RED CABBAGE & CARROTS, GARDEN BLEND"
162,cole,slaw,105,,DISH_TYPE,"KROGER, FRESH SELECTIONS, COLE SLAW, GREEN CABBAGE & CARROTS || CABBAGE & CARROTS COLE SLAW, CABBAGE & CARROTS"
163,chicharrones,fried,105,,PREPARATION_STATE,"BARBECUE FLAVORED CHICHARRONES FRIED PORK SKINS, BARBECUE || CHICHARRONES FRIED PORK SKINS, BARBECUE"
164,broccoli,cuts,104,CATEGORY,,Cascadian Farm Organic Broccoli Cuts || BROCCOLI CUTS
165,natural,casing,104,DIET,,"NATURAL CASING FRANKFURTERS WITH PREMIUM CUTS OF BEEF & PORK || Kowalski smoked sausage, a natural hardwood smoke in a natural casing."
166,lower,sodium,103,,SODIUM,LOWER SODIUM BACON || NATURAL HARDWOOD SMOKE LOWER SODIUM BACON
167,x1,oz,103,,STOPWORD,BELVITA PROTEIN BISCUITS Blueberry Almond 1X1.76 OZ || NABISCO TEDDY GRAHAMS SOFT CAKE CHOCOLATE 1X1.06 OZ
168,au,gratin,103,,,BROCCOLI AU GRATIN STUFFED CHICKEN BREAST || Lays Wavy Au Gratin 9.5z
169,yellowfin,tuna,103,,CATEGORY,"YELLOWFIN TUNA IN WATER, LIGHT || WATER WITH SEA SALT YELLOWFIN TUNA"
170,bronze,cut,103,,CUT,"BRONZE CUT ARTISAN PASTA, ROASTED GARLIC & PARSLEY LINGUINI || ORGANIC ARTISAN BRONZE CUT PASTA, CAVATELLI"
171,ez,peel,103,,PREPARATION_STATE,51/60 EZ PEEL SHRIMP || 41/50 EZ PEEL SHRIMP
172,layer,cake,102,,FORM,"CHOCOLATE CARAMEL CREAMY, CRUNCHY LAYER CAKE MINI BARS, CHOCOLATE CARAMEL || CARAMEL APPLE 3 LAYER CAKE, CARAMEL APPLE"
173,frozen,confection,102,STORAGE,,"FRUIT PUNCH & COTTON CANDY WITH GUMBALLS FRUIT PUNCH & COTTON CANDY FLAVORED FROZEN CONFEC || BATATA CREAM QUIESCENTLY FROZEN CONFECTION, CREAM"
174,grapeseed,oil,102,,FORM,"GRAPESEED OIL || FOLLOW YOUR HEART, VEGENAISE, DIPPING SAUCE & SPREAD, GRAPESEED OIL, GRAPESEED OIL"
175,pizza,margherita,102,DISH_TYPE,,"CADIA, ORGANIC WOOD-FIRED ITALIAN PIZZA, MARGHERITA, MARGHERITA || MARGHERITA PLANT-BASED ARTISAN SOURDOUGH PIZZA, MARGHERITA"
176,bite,sized,101,CUT,,"MAPLE HEAT-IN-BAG BITE-SIZED PANCAKES, MAPLE || BERRY BITE-SIZED PANCAKES, BERRY"
177,iodized,salt,100,,SODIUM,ALL-PURPOSE IODIZED SALT || ALL PURPOSE IODIZED SALT
178,duncan,hines,99,,,"DUNCAN HINES, WILDERNESS, PREMIUM PIE FILLING & TOPPING, APRICOT, APRICOT || DUNCAN HINES, CHOCOLATE LOVERS BROWNIE & GLAZE MIXES"
179,pulled,chicken,99,,CATEGORY,PULLED CHICKEN BURRITO BOWL || PULLED CHICKEN BREAST
180,trident,gum,99,,FORM,TRIDENT GUM PEPPERMINT 1X18 PC || TRIDENT GUM PEPPERMINT 1X3.000 PK
181,of,palm,99,STOPWORD,,"CHICKEN FRA DIAVOLO SEASONED PULLED CHICKEN BREAST WITH HEARTS OF PALM PASTA & YELLOW ZUCC || HEARTS OF PALM FULLY COOKED WHITE RICE, HEARTS OF PALM"
182,marie,callender,98,,,"MARIE CALLENDER'S, RESTAURANT STYLE BISCUIT MIX || MARIE CALLENDER'S, ORGANIC MIX CORN BREAD, ORIGINAL, ORIGINAL"
183,patch,kids,98,,AUDIENCE,SOUR PATCH KIDS SOFT CANDY ASSORTED FRUITS FAT FREE16X1.9 LB || SOUR PATCH KIDS SOFT CANDY ASSORTED FRUITS FAT FREE24X5 OZ
184,scrambled,eggs,98,,FORM,"CAGE-FREE SCRAMBLED EGGS, POTATOES, AND CHEDDAR CHEESE NOW COME WITH A SIDE OF OUR DELICIO || CHEESY SCRAMBLE WITH HASH BROWNS SCRAMBLED EGGS WITH CHEDDAR, MONTEREY JACK AND REDUCED FA"
185,orange,marmalade,98,CATEGORY,,"SWEET ORANGE MARMALADE JUICE CONCENTRATE || ORANGE MARMALADE, ORANGE"
186,lunds,byerlys,97,,,"LUNDS & BYERLYS, ORGANIC DRIED DICED APPLES || LUNDS & BYERLYS, ORGANIC APRICOTS"
187,with,touch,97,STOPWORD,,"BLACK COOKED WHOLE BEANS WITH A TOUCH OF ONION & GARLIC, BLACK || FRIJOLES A LA MEXICANA PINTO BEANS IN A TOMATO AND SERRANO SAUCE WITH A TOUCH OF BACON COC"
188,bleu,cheese,97,,FORM,"BLEU CHEESE GOURMET FINISHING BUTTER, BLEU CHEESE || BLEU CHEESE GOURMET FINISHING BUTTER, BLEU CHEESE"
189,sponge,cake,97,,FORM,"CHOCOLATE PETITE SPONGE CAKE, CHOCOLATE || TWO LAYERS OF IRISH CREAM FLAVORED SPONGE CAKE COVERED IN DREAMY BAILEYS IRISH CREAM FLAVO"
190,vidalia,onion,97,,CATEGORY,"SWEET VIDALIA ONION KETTLE STYLE POTATO CHIPS, SWEET VIDALIA ONION || SWEET VIDALIA ONION KETTLE STYLE POTATO CHIPS, SWEET VIDALIA ONION"
191,with,ginseng,97,STOPWORD,,"HEMP SEED EXTRACT WITH GINSENG & GUARANA || SUPERIOR GINSENG DRINK WITH GINSENG ROOT, GINSENG ROOT"
192,oz,pouch,96,STOPWORD,,"Furmanos; 6/116OZ Pouch Baked Beans || Plum Organics Stage 2 Organic Peach, Banana & Apricot 4 oz Pouch-4-Pk"
193,disney,frozen,96,,STORAGE,"CRAFTY COOKING KITS, DISNEY FROZEN CHOCOLATE CUPCAKE KIT || DISNEY, FROZEN, MILK CHOCOLATE BAR & CARD KIT"
194,tennessee,pride,96,CUISINE,,"Odom's Tennessee Pride Sausage & Maple Pancakes, 10 Count || ODOMS TENNESSEE PRIDE Sausage Pancakes, 13.7 OZ"
195,enhanced,water,96,,CATEGORY,"ZERO SUGAR RASPBERRY DARK CHOCOLATE NUTRIENT ENHANCED WATER BEVERAGE, RASPBERRY; DARK CHOC || MULTIFIT, COCONUT PINEAPPLE FLAVORED VITAMIN ENHANCED WATER BEVERAGE, COCONUT PINEAPPLE"
196,salt,grinder,96,SODIUM,,GARLIC & SEA SALT GRINDER || GARLIC & SEA SALT GRINDER
197,popcorn,movie,95,FORM,,"MICROWAVE POPCORN, MOVIE THEATER BUTTER || POPCORN, MOVIE THEATER BUTTER"
198,cannellini,beans,94,,CATEGORY,Bush's Cannellini Beans 15.5 oz || Bush's Reduced Sodium Cannellini Beans 15.5 oz
199,popping,candy,94,,FORM,"FIRECRACKER SEA SALT, A DASH OF CHIPOTLE AND POPPING CANDY CRACKLE IN DARK CHOCOLATE BAR,  || POPPING POTION MILK CHOCOLATE BARS WITH POPPING CANDY, POPPING POTION"
200,drinkable,yogurt,93,,FORM,"ALMOND MILK DRINKABLE YOGURT PROBIOTIC, MANGO || PLAIN GOAT MILK KEFIR PROBIOTIC DRINKABLE YOGURT, PLAIN"
201,chocolate,drizzle,93,FORM,,"GOURMET CARAMEL APPLE DARK & WHITE CHOCOLATE CHIPS WITH MILK CHOCOLATE DRIZZLE, CARAMEL AP || PEANUT BUTTER CHOCOLATE CHIP WITH CHOCOLATE FLAVORED DRIZZLE ENERGY BARS, PEANUT BUTTER CH"
202,sanding,sugar,93,,SWEETENER,"VANILLA SPARKLE CUPCAKE MIX TOPPED WITH VANILLA BEAN FROSTING & SPARKLE SANDING SUGAR, VAN || SPARKLE SUGAR COOKIE MIX WITH MINI WHITE CHOCOLATE CHIPS & SPARKLE SANDING SUGAR, SPARKLE "
203,breast,filets,93,CUT,,"Tyson Fully Cooked, Whole Grain Breaded Hot 'N Spicy Whole Muscle Chicken Breast Filets, 4 || Tyson Red Label Fully Cooked Breaded Air Fried Chicken Breast Filets, 4 oz."
204,rotisserie,chicken,93,,CATEGORY,"SPARTAN, DELI STYLE ROTISSERIE CHICKEN BREAST || ROTISSERIE CHICKEN SHREDDED BREAST MEAT, ROTISSERIE CHICKEN"
205,with,jalapenos,92,STOPWORD,,"BLACKEYE PEAS WITH JALAPENOS || CASA FIESTA, PINTO BEANS WITH JALAPENOS, PINTO BEANS"
206,neon,worms,92,,FORM,"SOUR NEON WORMS FLAVORED CHEWY CANDY, SOUR NEON WORMS || SOUR NEON WORMS FLAVORED CHEWY CANDY, SOUR NEON WORMS"
207,cool,ranch,92,,STOPWORD,11.00OZ DORITOS CRA COOL RANCH || Doritos Cool Ranch 8z
208,the,cob,92,STOPWORD,,"OFF THE COB, SWEET CORN TORTILLA CHIPS || SEAFOOD BOIL CORN ON THE COB, RAW SHRIMP, ANDOUILLE SAUSAGE, MUSSELS, RED SKINNED POTATOES"
209,electrolyte,solution,92,STORAGE,,"COCONUT PLANT-BASED ELECTROLYTE SOLUTION, COCONUT || KIWI BERRY MIST FLAVOR ELECTROLYTE SOLUTION, KIWI BERRY MIST"
210,smart,sense,91,BRAND_NOISE,,"SMART SENSE, PEANUT TOFFEE || SMART SENSE, CANDY CORN"
211,with,probiotics,90,STOPWORD,,"UNSWEET ALMONDMILK WITH PROBIOTICS, UNSWEET || UNSWEET VANILLA ALMONDMILK WITH PROBIOTICS, UNSWEET VANILLA"
212,orleans,style,90,,STOPWORD,"NEW ORLEANS STYLE SAUCED RED BEANS WITH PEPPERS, ONIONS & CREOLE SEASONING, NEW ORLEANS ST || NEW ORLEANS STYLE SAUCED RED BEANS WITH PEPPERS, ONIONS & CREOLE SEASONING, NEW ORLEANS ST"
213,maui,onion,90,,CATEGORY,"MAUI ONION & GARLIC BREADSTICKS, MAUI ONION & GARLIC || MAUI ONION & GARLIC BREADSTICKS, MAUI ONION & GARLIC"
214,ridged,potato,90,,CATEGORY,"HONEY BBQ RANCH RIDGED POTATO CHIPS, HONEY BBQ RANCH || RUFFLES, DEEP RIDGED POTATO CHIPS, BACON & CHEDDAR, BACON & CHEDDAR"
215,ice,creams,90,FORM,,"ICE CREAMS CONES || BLU'S BIRTHDAY PARTY CAKE & FROSTING FLAVORED ICE CREAMS, CONFETTI CANDIES, CAKE PIECES, B"
216,wood,smoked,89,,STORAGE,"NATURALLY HICKORY WOOD SMOKED TURKEY BACON || BIG Y, TURKEY BACON, WOOD SMOKED, WOOD SMOKED"
217,buttercreme,icing,89,,FORM,"BROWNIE WITH PEANUT BUTTER BUTTERCREME ICING, BROWNIE || CARAMEL APPLE FLAVORED CUPCAKES WITH SOUR APPLE BUTTERCREME ICING, CARAMEL APPLE WITH SOUR"
218,star,wars,89,,,"STAR WARS, FRUIT FLAVORED SNACKS || STAR WARS, FRUIT FLAVORED SNACK"
219,minestrone,soup,89,,DISH_TYPE,"BERTOLLI Chicken Minestrone Soup, 24 OZ || MINESTRONE SOUP"
220,collard,greens,89,,CATEGORY,"SUJA, ELEMENTS, KING OF GREENS JUICE, APPLE, CELERY, CUCUMBER, KALE, COLLARD GREENS, LEMON || MIGHTY DOZEN APPLE, CELERY, CUCUMBER, KALE, COLLARD GREENS ORGANIC COLD-PRESSED VEGETABLE "
221,nature,promise,88,STOPWORD,,"NATURE'S PROMISE, GALA APPLE || NATURE'S PROMISE, ORGANIC, HASS AVOCADOS"
222,street,taco,88,,DISH_TYPE,"Old El Paso Carne Asada Steak Street Taco Kit || STREET TACO WITH CHIMICHURRI SAUCE DICED BEEF CONTAINS UP TO A 12% SOLUTION OF WATER, SODI"
223,pizza,crusts,88,DISH_TYPE,,"VICOLO, CORN MEAL PIZZA CRUSTS || Pillsbury Mini Pizza Crusts 8 Count"
224,au,jus,88,,,"BETTER THAN BOULLON AU JUS BASE || FRENCH DIP AU JUS WITH COOKED & SLICED PREMIUM ROAST BEEF, FRENCH DIP"
225,hy,vee,88,,,"HY-VEE, BREAKFAST BISCUITS, BLUEBERRY, BLUEBERRY || HY-VEE, TAKE & BAKE ARTISAN, ASIAGO GARLIC"
226,chips,semi,88,FORM,,"SNOWY SLOPES GOLDEN RAISINS, PEANUTS, DRIED CRANBERRIES, ALMONDS, WHITE CHOCOLATE CHIPS, S || SNOWY SLOPES GOLDEN RAISINS, PEANUTS, DRIED CRANBERRIES, ALMONDS, WHITE CHOCOLATE CHIPS, S"
227,carne,asada,87,,,"Old El Paso Carne Asada Steak Street Taco Kit || CARNE ASADA BEEF FLANK STEAK WITH A HINT OF CITRUS & SALT, CARNE ASADA"
228,other,natural,87,,DIET,"GARLIC & CHEESE WITH OTHER NATURAL FLAVORS BISCUITS || SPARTAN, GRANULATED BOUILLON, CHICKEN FLAVOR WITH OTHER NATURAL FLAVORS, CHICKEN FLAVOR WI"
229,potato,skins,87,CATEGORY,,"RUFFLES, BACON & CHEDDAR LOADED POTATO SKINS, BACON & CHEDDAR, BACON & CHEDDAR || LOADED BACON & CHEDDAR POTATO SKINS FLAVORED POTATO CHIPS, LOADED BACON & CHEDDAR POTATO S"
230,pie,crusts,86,FORM,,Pillsbury All Vegetable Deep Dish Pie Crusts 2 Count || Immaculate Baking Pie Crusts 2 Count
231,wing,sections,86,CUT,,"Tyson W.W. Flyers Fully Cooked Breaded Bone-In Chicken Wing Sections, Small || Tyson Red Label Fully Cooked Applewood Smoked Bone-In Chicken Wing Sections, Jumbo"
232,hillshire,farm,85,,STOPWORD,Hillshire Farm Fully Cooked All Natural Uncured Bacon Pieces || Hillshire Farm Corned Beef Brisket Fully Cooked
233,hearth,baked,85,,PREPARATION_STATE,"HEARTH BAKED BAGELS, BLUEBERRY || HEARTH BAKED BAGELS, CINNAMON RAISIN"
234,city,style,85,,STOPWORD,"KANSAS CITY STYLE BACON & BROWN SUGAR BBQ BAKED BEANS, KANSAS CITY STYLE BACON & BROWN SUG || KANSAS CITY STYLE BACON & BROWN SUGAR BBQ BAKED BEANS, KANSAS CITY STYLE BACON & BROWN SUG"
235,cinnamon,churro,85,FLAVOR_UNIVERSAL,,"CINNAMON CHURRO BANANA BITES, CINNAMON CHURRO || CINNAMON CHURRO BANANA BITES, CINNAMON CHURRO"
236,italian,classics,85,CUISINE,,"ROUNDY'S, ITALIAN CLASSICS PLAIN BREAD CRUMBS || ROUNDY'S, ITALIAN CLASSICS, ITALIAN STYLE BREAD CRUMBS"
237,imitation,crab,85,,CATEGORY,"HOT & SPICY CRAB CAKES WITH REAL & IMITATION CRAB AND FISH FLAKES, HOT & SPICY || HOT & SPICY CRAB CAKES WITH REAL & IMITATION CRAB AND FISH FLAKES, HOT & SPICY"
238,pizzeria,style,85,,STOPWORD,PIZZERIA STYLE BLEND LOW-MOISTURE PART-SKIM MOZZARELLA WITH SMOKE-FLAVORED PROVOLONE SHRED || PIZZERIA STYLE BLEND LOW-MOISTURE PART-SKIM MOZZARELLA WITH SMOKE-FLAVORED PROVOLONE SHRED
239,red,label,85,COLOR,,"Tyson Red Label Fully Cooked Breaded Air Fried Chicken Breast Filets, 4 oz. || Tyson Red Label Uncooked Tempura Battered Chicken Breast Nuggets"
240,chow,mein,85,,,"LA CHOY Chicken Chow Mein Bi Pak, 42 OZ || Chicken Chow Mein, 72 OZ"
241,corn,starch,84,CATEGORY,,"DAVIS CORN STARCH, 6.5 OZ || MANGO FLAVORED CHILI COATED CORN STARCH GUMMIES, MANGO"
242,protein,per,84,DIET,,"Van Camp's Pork and Beans Microwavable Cups, 6g Protein Per Serving, 7.25 oz. Cup || Libby's Corned Beef, 14g Protein Per Serving, Canned Meat, 25% Less Sodium, 12 oz. Can"
243,tres,leches,84,,,"TRIPLE CHOCOLATE TRES LECHES STYLE FLAVORED CUPCAKE, TRIPLE CHOCOLATE TRES LECHES STYLE || TRIPLE CHOCOLATE TRES LECHES STYLE FLAVORED CUPCAKE, TRIPLE CHOCOLATE TRES LECHES STYLE"
244,x10,oz,84,,STOPWORD,MILKA CHOCOLATE BAR OREO 1X10.5 OZ || RED OVAL FARMS COOKIES OATMEAL CHOCOLATE CHIP 1X10.75 OZ
245,cantina,style,84,,STOPWORD,Me Hiko Tortilleria Thin & Crispy Cantina Style 700g || CHAO CANTINA STYLE PLANT-BASED QUESO
246,chicken,fc,84,CATEGORY,,"Chicken, FC NAE Tempura Breast Fritter Boneless Wings, Portioned || Chicken, FC Tempura Breast Fritter Boneless Wings"
247,glacier,freeze,84,,STORAGE,Gatorade G2 Glacier Freeze Thirst Quencher (12-12 Fluid Ounce) 144 Fluid Ounce 12 Pack Pla || Gatorade Frost Thirst Quencher Glacier Freeze (12 - 12 Fluid Ounce) 144 Fluid Ounce 12 Pac
248,extra,wide,84,STOPWORD,,"RONZONI, SMART TASTE, EXTRA WIDE NOODLE STYLE || EXTRA WIDE EGG NOODLES"
249,cheese,alternative,83,FORM,,"FOLLOW YOUR HEART, AMERICAN STYLE CHEESE ALTERNATIVE || FOLLOW YOUR HEART, AMERICAN STYLE CHEESE ALTERNATIVE"
250,replacement,shake,82,,FORM,"BANANAS & CREAM FLAVORED ADVANCED NUTRITION MEAL REPLACEMENT SHAKE, BANANAS & CREAM || ADVANCED NUTRITION VANILLA CREAM MEAL REPLACEMENT SHAKE, VANILLA CREAM"
251,overnight,oats,82,,BRAND_NOISE,"CLASSIC BLUEBERRY OVERNIGHT OATS BAR, CLASSIC BLUEBERRY || VEGAN BLUEBERRY MUFFIN PROTEIN OVERNIGHT OATS, VEGAN BLUEBERRY MUFFIN"
252,salisbury,steak,82,,CATEGORY,"AdvancePierre Fully Cooked Flamebroiled Bell Pepper, Onion and Beef Salisbury Steak, 3 oz || Salisbury Steak w/Mushroom Sauce - 12 per tray, 63 OZ"
253,roll,ups,82,STOPWORD,,"FRUIT ROLL-UPS, QUIZ ROLLS FRUIT FLAVORED SNACKS, STRAWBERRY TWIST, PUNCH BERRY, STRAWBERR || FRUIT ROLL-UPS, FRUIT FLAVORED SNACKS, TROPICAL PUNCH, TROPICAL PUNCH"
254,tidbits,in,82,,STOPWORD,"COCONUT GRANOLA TOPPING + PINEAPPLE TIDBITS IN SAUCE + COCONUT PUDDING PROTEIN PARFAIT, CO || HERRING TIDBITS IN CREAM, HERRING"
255,earl,grey,82,,,"EARL GREY TEA 72% COCOA DARK CHOCOLATE, EARL GREY TEA || EARL GREY TEA 72% COCOA DARK CHOCOLATE, EARL GREY TEA"
256,praline,pecans,82,,CATEGORY,"MOONSTRUCK, DARK MILK CHOCOLATE, PRALINE PECANS & CANDIED GINGER, PRALINE PECANS & CANDIED || MOONSTRUCK, DARK MILK CHOCOLATE, PRALINE PECANS & CANDIED GINGER, PRALINE PECANS & CANDIED"
257,oz,jar,82,STOPWORD,,"COFFEE-MATE Powder French Vanilla 30oz Jar || Prego Cheesy Bacon Cheddar Cheese Sauce, 14.5 oz Jar"
258,light,fit,82,STORAGE,,Light + Fit Dannon || Light + Fit Dannon Greek Boston Cream Pie Nonfat Yogurt 5.3 oz. Cup
259,cobb,salad,82,,DISH_TYPE,"CHICKEN & BACON COBB SALAD, CHICKEN & BACON || COBB SALAD WITH WHITE CHICKEN MEAT & BACON, CHICKEN MEAT & BACON"
260,red,mill,81,COLOR,,"BOB'S RED MILL, BISCUIT MIX, BUTTERMILK, BUTTERMILK || BOB'S RED MILL, LOW-CARB WHOLE GRAIN BAKING MIX"
261,rice,krispies,81,CATEGORY,,Kellogg's Rice Krispies Treats Squares Birthday Cake .77oz || Kellogg's Rice Krispies Cereal Red & Blue 9.9oz
262,sour,brite,81,STOPWORD,,"TROLLI, SOUR BRITE BITES, ARTIFICIALLY FLAVORED CHEWY CANDY, BLUE RASPBERRY, BLUE RASPBERR || JUICY EXPLODING FRUITY FLAVORS SOUR BRITE SQUARE EGGS"
263,air,popped,81,,CATEGORY,"WAI LANA, CASSAVA POPS - AIR POPPED CHIPS, VOLCANO - LAVA HOT & SPICY, VOLCANO - LAVA HOT  || SMART FRIES AIR POPPED POTATO STICKS, CLASSIC SEA SALT"
264,skillet,meal,81,,FORM,HAMBURGER POTATO STROGANOFF THIN POTATO SLICES & BEEF FLAVORED SAUCE MIX WITH SOUR CREAM S || HAMBURGER HASH DINNER DICED POTATOES & BEEF FLAVORED SAUCE MIX WITH MINCED ONIONS SKILLET 
265,vine,ripened,81,,PREPARATION_STATE,"TRIBE, VINE RIPENED TOMATO & BASIL HUMMUS, TOMATO & BASIL, TOMATO & BASIL || CHICKEN PARMIGIANA BREADED CHICKEN BREAST AND VINE-RIPENED TOMATO SAUCE OVER PASTA. TOPPED"
266,black,currant,80,COLOR,,"LIQUID WATER ENHANCER, APPLE & BLACK CURRANT || GUMMI BEARS, ALPHONSO MANGO, ASIAN PEAR, BLACK CURRANT, BLOOD ORANGE, CRIMSON CRANBERRY, F"
267,pouches,apple,80,,CATEGORY,"APPLE SAUCE POUCHES, APPLE PEACH || APPLE SAUCE POUCHES, APPLE"
268,mildly,sweet,80,,STOPWORD,"CORTLAND MILDLY SWEET & JUICY APPLES, CORTLAND || APPLES CORTLAND MILDLY SWEET & JUICY, APPLES"
269,del,monte,80,,,"DEL MONTE APRICOT HALVES, 15.25 OZ || DEL MONTE, LITE APRICOT HALVES"
270,roll,wr,80,STOPWORD,,"12PC AVOCADO REGULAR ROLL WR, AVOCADO REGULAR || AVOCADO REGULAR ROLL WR, AVOCADO REGULAR"
271,bob,red,80,,COLOR,"BOB'S RED MILL, BISCUIT MIX, BUTTERMILK, BUTTERMILK || BOB'S RED MILL, LOW-CARB WHOLE GRAIN BAKING MIX"
272,lower,sugar,80,,SWEETENER,"CHOCOLATE CHIP COOKIE DOUGH FLAVORED LOWER SUGAR WHEY PROTEIN BAR WITH ALMOND BUTTER, CHOC || DARK CHOCOLATE CARAMEL LOWER SUGAR PROTEIN BAR, DARK CHOCOLATE CARAMEL"
273,peri,peri,80,,,"FREE RANGE CHICKEN PERI PERI STYLE BAR, FREE RANGE CHICKEN PERI PERI STYLE || FREE RANGE CHICKEN PERI PERI STYLE BAR, FREE RANGE CHICKEN PERI PERI STYLE"
274,eye,steamfresh,80,,,"Birds Eye Steamfresh Cut Green Beans, Frozen Vegetables, 10 oz. Bag || Birds Eye Steamfresh Whole Green Beans, Frozen Vegetables, 10.8 oz. Bag"
275,blue,razz,80,COLOR,,"STRAWBERRY BLUE RAZZ FLAVORED COTTON CANDY, STRAWBERRY BLUE RAZZ || STRAWBERRY BLUE RAZZ FLAVORED COTTON CANDY, STRAWBERRY BLUE RAZZ"
276,tso,chicken,80,,CATEGORY,"GENERAL TSO'S CHICKEN FULLY COOKED, BONELESS, TEMPURA CHICKEN BREAST PIECES IN A GENERAL T || GENERAL TSO'S CHICKEN FULLY COOKED, BONELESS, TEMPURA CHICKEN BREAST PIECES IN A GENERAL T"
277,vienna,sausage,80,,CATEGORY,CHICKEN VIENNA SAUSAGE IN CHICKEN BROTH || VIENNA SAUSAGE MADE WITH CHICKEN
278,layers,of,79,,STOPWORD,"CARROT CAKE TWO LAYERS OF CARROT CAKE TOPPED WITH RICH CREAM CHEESE ICING, CARROT WITH RIC || TWO LAYERS OF IRISH CREAM FLAVORED SPONGE CAKE COVERED IN DREAMY BAILEYS IRISH CREAM FLAVO"
279,prickly,pear,79,,CATEGORY,"CACTUS CANDY COMPANY, SOUTHWEST SAMPLER CANDY, PRICKLY PEAR, POMEGRANATE, LEMON & ORANGE,  || CACTUS CANDY COMPANY, SOUTHWEST SAMPLER CANDY, PRICKLY PEAR, POMEGRANATE, LEMON & ORANGE, "
280,marzano,style,79,,STOPWORD,"GARLIC, OLIVE OIL & BASIL SAN MARZANO STYLE WHOLE PEELED TOMATOES, GARLIC, OLIVE OIL & BAS || SAN MARZANO STYLE CHOPPED TOMATOES IN PUREE WITH GARLIC, BASIL, OLIVE OIL, & SEA SALT, GAR"
281,marshmallow,chicks,78,CATEGORY,,"PARTY CAKE FLAVORED MARSHMALLOW CHICKS || PARTY CAKE MARSHMALLOW CHICKS, PARTY CAKE"
282,non,pareils,78,STOPWORD,,"DALLIES, HOLIDAY NON PAREILS || DARK CHOCOLATE NON PAREILS CANDY, DARK CHOCOLATE NON PAREILS"
283,chips,ahoy,78,FORM,,"CHIPS AHOY! THINS COOKIES OATMEAL 1X7 OZ || SOUR PATCH KIDS CANDY, CHIPS AHOY! MINI COOKIES & NUTTER BUTTER BITES VARIETY PACK, 30 SNA"
284,rice,pilaf,78,CATEGORY,,RICE PILAF WITH GRILLED CHICKEN AND BROCCOLI LONG GRAIN RICE & ORZO PASTA WITH GRILLED CHI || RICE PILAF WITH GRILLED CHICKEN AND BROCCOLI LONG GRAIN RICE & ORZO PASTA WITH GRILLED CHI
285,salsa,picante,78,FORM,,"SALSA PICANTE LIMON FLAVORED POTATO CHIPS, SALSA PICANTE LIMON || SALSA PICANTE LIMON FLAVORED POTATO CHIPS, SALSA PICANTE LIMON"
286,orville,redenbachers,78,,,"ORVILLE REDENBACHERS White Corn, 45 OZ || ORVILLE REDENBACHERS Old Fashioned White Kernels"
287,picante,sauce,78,,FORM,"Pace Hot Picante Sauce, 24 oz. || CAJOHNS, PICANTE SAUCE, GOURMET SALSA, MILD, MILD"
288,jellied,cranberry,78,,CATEGORY,"JELLIED CRANBERRY SAUCE || JELLIED CRANBERRY SAUCE, CRANBERRY"
289,pieces,stems,78,STOPWORD,,PIECES & STEMS MUSHROOMS || PIECES & STEMS MUSHROMMS
290,slices,per,77,STOPWORD,,"Nugget Hardwood Smoked Premium Sugar Cured Bacon, Layered, 16-18 slices per pound, 15 lbs. || HORMEL FAST 'N EASY Extra Cooked Bacon Round Medium 192 Slices Per Case"
291,slow,simmered,77,PREPARATION_STATE,,"ZERO SUGAR ADDED SLOW-SIMMERED & SEASONED TO PERFECTION BAKED BEANS, ZERO SUGAR ADDED || SWEET & TANGY SLOW SIMMERED IN A SWEET TOMATO SAUCE BAKED BEANS, SWEET & TANGY"
292,lucky,charms,77,,,"GENERAL MILLS REESE'S PUFFS AND LUCKY CHARMS TREAT BARS VARIETY PACK, 0.85 OZ, 28 COUNT || Lucky Charms Complete Marshmallow Pancake Mix"
293,pork,cracklins,77,CATEGORY,,"ORIGINAL PORK CRACKLINS' CHICHARRONES, ORIGINAL || DIPPER STYLE ORIGINAL PORK CRACKLINS, ORIGINAL"
294,plum,organics,76,CATEGORY,,"Plum Organics Stage 2 Org Pear, Blbry, Avocado & Grnla 3.5oz Pch-6-Pk || Plum Organics Applesauce Mashups Strawberry & Banana, 3.17oz (Pack of 4)"
295,buttercrunch,toffee,76,,FORM,"BROWN&HALEY, ALMOND ROCA, BUTTERCRUNCH TOFFEE || BROWN & HALEY, ALMOND ROCA, THE ORIGINAL BUTTERCRUNCH TOFFEE"
296,honey,clover,76,SWEETENER,,"HONEY SPOONS CANDY MADE WITH REAL CLOVER HONEY, CLOVER HONEY || CHOBANI, FLIP, GREEK LOW-FAT YOGURT, CLOVER HONEY, CLOVER HONEY"
297,edible,cookie,76,,FORM,"THE COOKIE DOUGH CAFE, GOURMET EDIBLE COOKIE DOUGH, CREAMY OATMEAL RAISIN, CREAMY OATMEAL  || GOOEY BUTTER EDIBLE COOKIE DOUGH, GOOEY BUTTER"
298,with,pimiento,76,STOPWORD,,"PIMIENTO CHEESE FLAKY BUTTER PUFF PASTRY CUPS FILLED WITH PIMIENTO CHEESE AND TOPPED WITH  || MANZANILLA OLIVES STUFFED WITH PIMIENTO, PIMIENTO"
299,pacific,foods,75,,STOPWORD,"Pacific Foods Organic Unsweetened Almond Milk, Plant Based Milk, 32 oz Carton || Pacific Foods Organic Unsweetened Vanilla Almond Milk, Plant Based Milk, 32 oz Carton"
300,wright,brand,75,,STOPWORD,"Wright Brand Raw Smoked Bacon Ends and Pieces, 30 Lbs, Vacuum-sealed, Frozen || Wright Brand Naturally Hickory Smoked Regular Sliced Bacon, Bulk, 10 Lbs, 14-18 Slices per"
301,tossed,in,75,,STOPWORD,"KOREAN INSPIRED BEEF MEATBALLS TOSSED IN KOREAM INSPIRED BBQ SAUCE, KOREAN INSPIRED || YUMMY CHOW CRISPY CEREAL SQUARES COVERED IN CHOCOLATEY PEANUT BUTTER TOSSED IN POWDERED SU"
302,semi,soft,75,,STOPWORD,"SEMI-SOFT COFFEE AND PEANUT COVERED WITH CHOCOLATE NOUGAT, CHOCOLATE || SEMI SOFT FIG LEAF WRAPPED FRESH LOIRE VALLEY CHEESE WHEEL MADE FROM PLANTS"
303,circus,peanuts,75,,CATEGORY,"TOPS, ASSORTED CIRCUS PEANUTS || HOWE SPANGLER CIRCUS PEANUTS, 11.5 OZ"
304,orleans,kettle,75,,PREPARATION_STATE,"NEW ORLEANS KETTLE STYLE MESQUITE BAR-B-QUE POTATO CHIPS, MESQUITE BAR-B-QUE || NEW ORLEANS KETTLE STYLE MESQUITE BAR-B-QUE POTATO CHIPS, MESQUITE BAR-B-QUE"
305,wild,alaska,75,DIET,,WILD ALASKA SNOW CRAB LEGS & CLAWS FULLY COOKED || WILD ALASKA KING CRAB LEGS & CLAWS
306,bolthouse,farms,74,,STOPWORD,"BOLTHOUSE FARMS, FRUIT & ALMONDMILK SMOOTHIE, BLUEBERRY BANANA, BLUEBERRY BANANA || BOLTHOUSE FARMS, FRUIT & ALMONDMILK SMOOTHIE, BLUEBERRY, BANANA, ALMONDMILK, BLUEBERRY, BA"
307,san,francisco,74,,,"SAN FRANCISCO, REFRIED RED SILK BEANS || SAN FRANCISCO STYLE SOURDOUGH ARTISAN BREAD, SAN FRANCISCO STYLE SOURDOUGH"
308,ghirardelli,chocolate,74,,FORM,"GHIRARDELLI CHOCOLATE CARAMEL PECAN BROWNIE BAR, CHOCOLATE CARAMEL PECAN || GHIRARDELLI CHOCOLATE, MILK CHOCOLATE, PEPPERMINT BROWNIE, PEPPERMINT BROWNIE"
309,cordon,bleu,74,,,BREADED RAW STUFFED CHICKEN BREASTS CORDON BLEU || CORDON BLEU WITH RIB MEAT BREADED RAW STUFFED CHICKEN BREASTS
310,chicken,enchiladas,74,CATEGORY,,"RED CHILI CHICKEN ENCHILADAS || FAMILY STYLE GREEN CHILE CHICKEN ENCHILADAS WITH TEX MEX STYLE RICE, FAMILY STYLE GREEN CH"
311,hanover,pretzel,74,,FORM,"SNYDER'S OF HANOVER, PRETZEL PIECES - REGULAR POTATO CHIPS || SNYDER'S OF HANOVER, PRETZEL SANDWICHES FILLED WITH CREAMY GOODNESS"
312,praline,pecan,73,,CATEGORY,"SCONE MIX, PRALINE PECAN || PRALINE PECAN CARAMELS, PRALINE PECAN"
313,steak,eze,73,CATEGORY,,"Steak-EZE BreakAway Corned Beef, Marinated, 4 oz, 12 Lbs || Steak-EZE Certified Angus Beef Brand Corned Beef Formed, Shaved & Portioned"
314,dyno,bites,73,,FORM,"BIRTHDAY CAKE FLAVORED DYNO-BITES CEREAL, BIRTHDAY CAKE || COCOA DYNO-BITES CEREAL, COCOA DYNO-BITES"
315,white,hominy,73,COLOR,,"SMOOTH & CREAMY ENRICHED WHITE HOMINY QUICK GRITS || OLD FASHIONED ENRICHED WHITE HOMINY GRITS, OLD FASHIONED"
316,gulf,shrimp,73,,CATEGORY,TEXAS BROWN GULF SHRIMP || TEXAS BROWN GULF SHRIMP
317,red,skin,72,COLOR,,"DARK RED SKIN KIDNEY BEAN || HANOVER, RED SKIN LIGHT RED KIDNEY BEANS"
318,beef,chuck,72,CATEGORY,,100% GRASS FED BEEF CHUCK ARM ROAST || 100% GRASS FED BEEF CHUCK ARM ROAST
319,jordan,almonds,72,,CATEGORY,ASSORTED JORDAN ALMONDS || ASSORTED JORDAN ALMONDS
320,green,goddess,72,COLOR,,"Late July Snacks, Green Goddess Tortilla Chips, 7.8-oz. Bag || GREEN GODDESS TORTILLA CHIPS, GREEN GODDESS"
321,ginger,snaps,72,CATEGORY,,GINGER SNAPS COOKIES || ORGANIC GINGER SNAPS
322,prune,juice,72,,FORM,"PRUNE 100% JUICE, PRUNE || SPARTAN, 100% PRUNE JUICE"
323,organics,organic,71,,BRAND_NOISE,"OMENA ORGANICS, ORGANIC SWEETENED APPLE SAUCE || WEIS ORGANICS, ORGANIC BANANA CHIPS"
324,pork,carnitas,71,CATEGORY,,"PORK CARNITAS BURRITO, PORK CARNITAS || PORK CARNITAS BURRITO, PORK CARNITAS"
325,sprinkled,with,71,,STOPWORD,"UNICORN CUPCAKES WITH A MAGICAL SWIRL OF PINK AND BLUE VANILLA FLAVORED ICING SPRINKLED WI || PEPPERMINT 72% CACAO LAYERED DARK AND WHITE CHOCOLATE HAND-SPRINKLED WITH CANDY CANE BAR, "
326,bird,eggs,71,,FORM,"SPICED JELLY BIRD EGGS, SPICED || SPICED JELLY BIRD EGGS"
327,dispenser,with,71,,STOPWORD,"GALERIE, DISNEY FROZEN, DISPENSER WITH CANDY PIECES, FRUIT, FRUIT || GALERIE, DISPENSER WITH CANDY PIECES"
328,scalloped,potatoes,71,,CATEGORY,SCALLOPED POTATOES || Betty Crocker Cheesy Scalloped Potatoes
329,muir,glen,71,,,"MUIR GLEN, TOMATO KETCHUP || Muir Glen Organic Portabella Mushroom Pasta Sauce"
330,puffed,wheat,71,,CATEGORY,"GRANVITA, PUFFITOS, WHOLE GRAIN PUFFED WHEAT CEREAL, HONEY, HONEY || LEANWAY A CRUNCHY BLEND OF FIBER TWIGS, SOY PROTEIN CRISPS & HONEY PUFFED WHEAT HIGH FIBER"
331,sheep,milk,71,,FORM,"FRENCH RESERVE SHEEP'S MILK SOFT RIPENED BRIE CHEESE, FRENCH RESERVE || FRENCH SOFT SHEEP'S MILK CHEESE RIPENED IN BRINE"
332,breast,tenderloins,71,CUT,,CHICKEN BREAST TENDERLOINS || CHICKEN BREAST TENDERLOINS
333,snack,factory,71,AUDIENCE,,"Snack Factory Sea Salt Bites, 9 Oz Bag || Snack Factory Spicy Ranch Bites, 9 Oz Bag"
334,jimmy,dean,70,,,"Jimmy Dean Simple Scrambles Bacon, 5.35 oz. || Jimmy Dean Canadian Bacon, Whole Cracked Egg & Cheese English Muffin Sandwiches, 8 Count ("
335,general,mills,70,,,"General Mills Cheesy Breadsticks || GENERAL MILLS, CINNAMON TOAST CRUNCH, MILK 'N CEREAL BARS, CINNAMON TOAST CRUNCH, CINNAMON"
336,gold,standard,70,BRAND_NOISE,,"BANANA CREAM FLAVORED GOLD STANDARD 100% CASEIN PROTEIN POWDER DRINK MIX, BANANA CREAM || GOLD STANDARD 100% WHEY FOR MUSCLE SUPPORT & RECOVERY PROTEIN 24 G BCAAS 5.5 G PROTEIN POW"
337,my,essentials,70,STOPWORD,,"MY ESSENTIALS, CUT GREEN BEANS || MY ESSENTIALS, OLD FASHIONED OATS, 100% WHOLE GRAIN OATS"
338,protein,isolate,70,DIET,,"FUDGE BROWNIE FLAVORED ISO100 HYDROLYZED 100% WHEY PROTEIN ISOLATE PROTEIN POWDER, FUDGE B || BIRTHDAY CAKE FLAVORED ISO100 HYDROLYZED 100% WHEY PROTEIN ISOLATE PROTEIN POWDER, BIRTHDA"
339,kellogg,eggo,70,STOPWORD,,Kellogg's Eggo Pancakes Blueberry 3.03oz 72ct || Kellogg's Eggo Pancakes Blueberry 3.03oz
340,jelly,bird,70,FORM,,"SPICED JELLY BIRD EGGS, SPICED || SPICED JELLY BIRD EGGS"
341,coffee,mate,70,FORM,,COFFEE MATE Liquid Amaretto 32floz Yaya Bottle || COFFEE MATE Liquid Natural Bliss Sweet Creme 46floz Bottle
342,grilling,sauce,70,,FORM,"DADDY'S GERMAN MILD GLAZE & GRILLING SAUCE, DADDY'S GERMAN || PEACH BALSAMIC GRILLING SAUCE, PEACH BALSAMIC"
343,deviled,egg,70,,FORM,"DEVILED EGG SALAD SANDWICH, DEVILED EGG SALAD || DEVILED EGG SALAD SANDWICH, DEVILED EGG SALAD"
344,newman,own,69,,STOPWORD,"NEWMAN'S OWN, APRICOTS || NEWMAN'S OWN, ORGANIC BLACK LICORICE TWISTS"
345,bacon,lo,69,CATEGORY,,Hardwood Smoked Sugar Cured Buffet Bacon-LO-Gas Flushed 14/18 15# || Hardwood Smoked Sugar Cured Buffet Bacon-LO-Gas Flushed 18/22 15# M
346,jelly,belly,69,FORM,,"LUNDS & BYERLYS, JELLY BELLY BEANS CONFECTIONS || JELLY BELLY, SPARKLING JELLY BEAR"
347,skillet,meals,69,,,"BEEF LO MEIN WITH BEEF, BOK CHOY, ONIONS AND CARROTS SKILLET MEALS, BEEF LO MEIN || Birds Eye Voila! Beef Lo Mein Skillet Meals, Frozen Meal, 21 oz. Bag"
348,ginseng,and,69,,STOPWORD,"GINSENG AND HONEY GREEN TEA || GREEN TEA WITH GINSENG AND HONEY, GINSENG AND HONEY"
349,thinly,sliced,68,,PREPARATION_STATE,"CORNED BEEF SLOWLY SIMMERED, EXPERTLY SEASONED, THINLY-SLICED CORNED BEEF BRISKET WITH POT || ORIGINAL THINLY SLICED BEEF BRISKET WITH JACK DANIEL'S BBQ SAUCE, ORIGINAL"
350,kalamata,olive,68,,CATEGORY,"KALAMATA OLIVE FOCACCIA ARTISAN-STYLE FLATBREAD || KALAMATA OLIVE & ROSEMARY FOCACCIA BREAD, KALAMATA OLIVE & ROSEMARY"
351,pub,style,68,,STOPWORD,PUB STYLE PRETZEL BREAD MIX || STEAK & ALE HEARTY BEEF AND RICH BROWN ALE GRAVY WITH GOLDEN POTATOES AND CARROTS IN A FLA
352,ginger,snap,68,CATEGORY,,"GINGER SNAP & APPLE PROTEIN BAR READY MIX, GINGER SNAP & APPLE || GINGER SNAP & APPLE PROTEIN BAR READY MIX, GINGER SNAP & APPLE"
353,denali,original,68,,FLAVOR_UNIVERSAL,"CHURN LIGHT STYLE ICE CREAM, DENALI ORIGINAL MOOSE TRACKS || DENALI ""ORIGINAL"" VANILLA ICE CREAM WITH PEANUT BUTTER CUPS AND FAMOUS MOOSE TRACKS FUDGE,"
354,style,wedding,68,STOPWORD,,"BERTOLLI, MEAL SOUP FOR 2, ITALIAN-STYLE WEDDING || BERTOLLI Italian Style Wedding Soup, 24 OZ"
355,coconut,macaroon,67,CATEGORY,,"COCONUT SECRET, ORGANIC COCONUT MACAROON BAR, COCONUT, COCONUT || UBER FRUIT & NUT BAR, COCONUT MACAROON"
356,valentine,day,67,FLAVOR_UNIVERSAL,,"FUDGE FLAVORED ICED VALENTINE'S DAY BROWNIE PLATTER, FUDGE || VALENTINE'S DAY MINI CUPCAKES, VALENTINE'S DAY"
357,beer,float,67,CATEGORY,,"ROOT BEER FLOAT CAKE, ROOT BEER || CANDY, ROOT BEER FLOAT"
358,tootsie,roll,67,,STOPWORD,"TOOTSIE ROLL CHILD'S PLAY CANDY, 56 OZ || TOOTSIE ROLL CHILD'S PLAY CANDY, 26 OZ"
359,porcini,mushroom,67,,CATEGORY,"PORCINI MUSHROOM COOKS LIKE RISOTTO, PORCINI MUSHROOM || PORCINI MUSHROOM COOKS LIKE RISOTTO, PORCINI MUSHROOM"
360,medjool,dates,67,,CATEGORY,MINI MEDJOOLS SWEET MEDJOOL DATES MIXED WITH CACAO AND ROLLED IN COCONUT || WHOLE FRESH MEDJOOL DATES
361,cadia,organic,66,,BRAND_NOISE,"CADIA, ORGANIC ORIGINAL ALMONDMILK || CADIA, ORGANIC BLACK BEANS"
362,fresh,easy,66,STOPWORD,,"FRESH & EASY, GARBANZO BEANS || FRESH & EASY, BEANS"
363,with,buttercreme,66,STOPWORD,,"MINT CHOCOLATE CAKE WITH BUTTERCREME FROSTING, MINT CHOCOLATE || WHITE CUPCAKES WITH BUTTERCREME ICING, BUTTERCREME ICING"
364,extreme,sour,66,,STOPWORD,"TROLLI, EXTREME SOUR FRUITZ BITES, CHEWY CANDY, SOUR BLUE RASPBERRY, SOUR GREEN APPLE, SOU || EXTREME SOUR BITES CHEWY CANDY, FRUITZ"
365,nutri,grain,66,,CATEGORY,Kellogg's Nutri-Grain Cereal Bars Pumpkin Spice 1.3oz || Kellogg's Nutri-Grain Cereal Bars Chocolate Chip 1.4oz
366,cocoa,dusted,65,FLAVOR_UNIVERSAL,,"PEPPERMINT HOT COCOA INDULGENT TRAIL MIX WITH COCOA DUSTED AND SWEET CREME ALMONDS, WHITE  || Woolworths Cocoa Dusted Milk Chocolate Almonds 150g"
367,meringue,pie,65,,FORM,"LEMON MERINGUE PIE FLAVORED PROTEIN BAR, LEMON MERINGUE PIE || LEMON MERINGUE PIE FLAVORED PROTEIN BAR, LEMON MERINGUE PIE"
368,per,serving,65,,STOPWORD,"Van Camp's Pork and Beans Microwavable Cups, 6g Protein Per Serving, 7.25 oz. Cup || Libby's Corned Beef, 14g Protein Per Serving, Canned Meat, 25% Less Sodium, 12 oz. Can"
